Country,2000,2001,2002,2003,2004,2005,2006,2007,2008,2009,2010,2011,2012,2013,2014,2015,2016,2017,2018,2019,2020,2021,2022,2023
World,377.7764725,383.9152627,386.503675,405.039159,425.0001959,439.6279598,452.1388933,460.7495063,473.1934115,470.2220857,494.1282957,508.3068777,519.7314303,526.0251022,534.5145672,539.4446038,533.7750493,545.9383551,567.248242,578.5293917,554.2662633,571.5536487,585.6955542,592.2986908
Afghanistan,0.009588586,0.004062587,0.004158118,0.003581877,0.003340295,0.003405806,0.003605761,0.008840807,0.010566055,0.013653566,0.022611202,0.032332142,0.042946079,0.045661461,0.056153755,0.050480548,0.055639351,0.051115331,0.066110732,0.069662258,0.042067211,0.057138269,0.09625567,0.018028598
Albania,0.030094566,0.026251751,0.029462973,0.032914823,0.036263415,0.035784082,0.039130989,0.033215366,0.037542361,0.041923823,0.056184212,0.051321746,0.058327167,0.072829826,0.072637558,0.074509096,0.072122553,0.056758363,0.068433216,0.063071622,0.061112869,0.071856058,0.06644295,0.072141244
Algeria,6.122347353,6.086820063,6.334404717,6.791966347,6.92211231,7.41908001,7.316711094,7.074303091,7.176599287,6.942845413,6.926746101,6.825358598,6.995648903,6.508413554,6.56021931,6.694887107,6.908778514,6.826684773,6.750725488,6.470125328,5.969425445,6.731876772,6.724577553,6.818076457
American Samoa,0.0,0.0,0.0,0.0,0.0,0.0,0.0,0.0,0.0,0.0,0.0,0.0,3.07093e-06,6.82428e-06,6.82428e-06,6.82428e-06,1.02364e-05,1.70607e-05,1.70607e-05,1.70607e-05,1.70607e-05,1.70607e-05,1.72216e-05,1.70607e-05
Angola,1.614139648,1.595692245,1.934171775,1.898227074,2.144863846,2.678418101,3.0016094,3.617584467,4.21200484,4.044207927,4.114809071,3.791253863,3.873869414,3.903190097,3.771990385,3.920913502,3.902734923,3.847786148,3.726687515,3.425555927,3.032933779,2.687827976,2.751807711,2.749638552
Antarctica,0.0,0.0,0.0,0.0,0.0,6.82428e-06,6.82428e-06,6.82428e-06,6.82428e-06,1.36486e-05,1.36486e-05,1.36486e-05,1.70607e-06,1.70607e-06,1.70607e-06,3.41214e-06,3.41214e-06,0.0,0.0,0.0,0.0,0.0,0.0,0.0
Antigua and Barbuda,0.0,0.0,0.0,0.0,0.0,0.0,0.0,0.0,0.0,0.0,6.82e-07,1.70607e-06,1.70607e-06,2.04728e-06,2.04728e-06,1.84256e-05,1.70607e-05,2.08141e-05,3.41214e-05,4.43578e-05,5.45943e-05,6.65368e-05,7.84793e-05,7.84793e-05
Argentina,3.403872663,3.518869002,3.411307576,3.5508442,3.617789386,3.54101198,3.58008605,3.473025251,3.469919992,3.333957261,3.279829438,3.127549583,3.036468288,2.933509109,2.928924455,2.957384656,3.063121138,3.054147142,3.132990184,3.248359962,3.032612906,3.143473795,3.426948518,3.441672908
Armenia,0.025833248,0.026567374,0.030105592,0.028035008,0.032603914,0.035352339,0.034568281,0.033797202,0.032646977,0.033685884,0.035472791,0.036054726,0.032763096,0.03277402,0.033312345,0.03760858,0.033687733,0.035950879,0.030156811,0.03201871,0.036464737,0.030212427,0.042353418,0.037712698
Aruba,0.0,0.0,0.0,0.0,0.0,0.0,0.0,0.0,0.0,0.000102364,0.000362028,0.000387278,0.000464051,0.000522058,0.000542531,0.000597125,0.000538052,0.000490325,0.000528882,0.000552767,0.000552767,0.000552767,0.000552767,0.000552767
Australia,9.543591123,9.983990708,10.22960082,9.984287772,10.05153865,10.65138281,10.72515103,11.26165994,11.36339461,11.72764847,13.10109996,12.61964771,12.98430337,13.99074265,14.87985209,15.47853642,15.89676994,16.65829171,17.16054455,18.66558396,18.403914,17.67769966,17.82421635,17.19305517
Austria,0.283121529,0.279952726,0.286842896,0.267462716,0.267678355,0.260793673,0.281942628,0.301481412,0.294557987,0.30808127,0.300997214,0.287562717,0.321737709,0.298955812,0.298965057,0.28979149,0.293236526,0.29304881,0.278475513,0.293266216,0.285895144,0.280121844,0.264937676,0.27051681
Azerbaijan,0.82119065,0.861615173,0.856207809,0.863913498,0.86284729,1.186373663,1.654013498,2.235535762,2.446880884,2.73525783,2.811961688,2.687817736,2.586270642,2.493311542,2.471065964,2.494466798,2.449371121,2.328746018,2.366846184,2.508381158,2.410460655,2.692704876,2.703170964,2.655855503
Bahrain,0.73562327,0.737617451,0.763633016,0.777573524,0.782817481,0.814676202,0.829878858,0.847676226,0.869199846,0.869654134,0.876230674,0.890191198,0.893750063,0.984461514,1.024508639,1.0241965,1.017828303,1.032274251,1.034431532,1.097031731,1.048282129,1.067742538,1.103255938,1.124595019
Bangladesh,0.347040717,0.367920243,0.400056453,0.440796351,0.492700229,0.527541423,0.577854026,0.623325897,0.697859013,0.75888721,0.779948543,0.778908657,0.85224829,0.880132132,0.92159332,1.026555709,1.134253339,1.069836608,1.062751913,1.05426231,0.972913569,0.968824619,0.919123032,0.864672261
Barbados,0.003549083,0.003332805,0.003366393,0.003243341,0.003256531,0.003115758,0.003134714,0.002838053,0.002776626,0.002745169,0.002745358,0.002801877,0.002894117,0.002999729,0.002726301,0.002869298,0.002885671,0.002061071,0.003346523,0.003256198,0.002801265,0.001793408,0.001681712,0.002748985
Belarus,0.086905651,0.086921873,0.086291288,0.084076615,0.084148189,0.08305052,0.082779013,0.081672507,0.081670097,0.078020271,0.067926024,0.06786386,0.067892269,0.068621618,0.068354518,0.060035186,0.074258358,0.075236896,0.078939312,0.08152881,0.087720896,0.142653494,0.12629488,0.194828574
Belgium,0.489009981,0.473909396,0.484192092,0.483641187,0.486459647,0.493675393,0.492120975,0.513788616,0.496479786,0.536572056,0.555044759,0.567930402,0.496718827,0.51967625,0.435052742,0.365433832,0.535129552,0.531616552,0.39783476,0.550538979,0.474438709,0.627410561,0.568122435,0.444743094
Belize,0.000318012,0.000312552,0.000301633,0.000209505,0.00021633,0.000234755,0.005327246,0.006878827,0.008059333,0.008984552,0.010605351,0.00950114,0.007906959,0.006258024,0.005184588,0.005257803,0.005394287,0.003983779,0.003789815,0.004445668,0.00564745,0.001826954,0.002215809,0.003796889
Benin,6.82428e-06,6.82428e-06,6.82428e-06,6.82428e-06,3.41214e-06,3.41214e-06,4.30898e-05,3.30654e-05,3.29754e-05,1.31725e-05,1.31685e-05,3.41214e-06,3.41214e-06,6.82428e-06,6.82428e-06,2.04728e-05,3.41214e-05,2.04728e-05,1.74019e-05,2.76383e-05,2.42262e-05,5.83476e-05,6.18384e-05,0.000112805
Bermuda,6.63093e-05,7.75007e-05,7.63007e-05,7.59407e-05,7.51231e-05,7.49956e-05,7.43956e-05,7.90753e-05,6.89809e-05,6.34426e-05,6.04897e-05,5.82984e-05,5.70984e-05,5.72484e-05,5.70624e-05,5.59163e-05,5.53943e-05,5.9887e-05,5.91785e-05,5.78849e-05,5.26402e-05,5.26402e-05,5.59215e-05,5.62958e-05
Bhutan,0.007390938,0.007774081,0.008647873,0.009637346,0.0091908,0.0103544,0.016782966,0.023584165,0.024901531,0.024942204,0.026211727,0.025440285,0.024652623,0.026986439,0.025755202,0.027795361,0.028841385,0.028793516,0.02661157,0.032573528,0.04140882,0.040014936,0.040206606,0.038182257
Bolivia,0.202759324,0.262964042,0.306408362,0.351374403,0.468544577,0.556761835,0.605744802,0.641864691,0.657396378,0.570385214,0.637564043,0.691401336,0.786670722,0.896029544,0.925785197,0.898952057,0.857465112,0.849433307,0.773613256,0.687392538,0.660892142,0.705426534,0.646706182,0.564747139
Bosnia and Herzegovina,0.12506701,0.126998865,0.133417181,0.11919298,0.101963569,0.10386078,0.105265294,0.10244526,0.114464309,0.118282929,0.119811307,0.117799447,0.11530949,0.114885007,0.110652519,0.107706399,0.113235276,0.118017711,0.126816415,0.118984856,0.109739812,0.123507564,0.224332672,0.209631635
Botswana,0.020933489,0.020376747,0.021222994,0.018327937,0.020287668,0.021935624,0.021423421,0.018439286,0.020265399,0.016435016,0.022002433,0.017548499,0.032762095,0.033322249,0.038222554,0.046544448,0.041937501,0.049625184,0.048413647,0.047198676,0.041959594,0.044360541,0.058859785,0.049720323
Brazil,4.505470158,4.595924383,5.086435802,5.335206382,5.407100092,5.843276673,6.14184843,6.401159001,6.79389976,7.040601913,7.579099791,7.791117781,7.824299878,7.895722931,8.495594499,8.939722355,9.215754645,9.573606162,9.674302847,10.30577563,10.55582348,10.31652813,10.82447803,10.90932145
British Virgin Islands,0.0,0.0,0.0,0.0,0.0,0.0,0.0,0.0,0.0,0.0,3.75336e-06,4.777e-06,4.777e-06,4.777e-06,4.777e-06,5.45943e-06,5.45943e-06,7.84793e-06,1.36486e-05,1.36486e-05,1.36486e-05,1.36486e-05,1.36486e-05,1.36486e-05
Brunei,0.77630387,0.809812009,0.84192954,0.870042598,0.867651772,0.856580906,0.970949328,0.906304174,0.87877709,0.773624079,0.789077174,0.814547127,0.771211874,0.72268917,0.67060381,0.708222184,0.681282094,0.706120962,0.69901765,0.727491229,0.691808893,0.644316196,0.582659442,0.57053286
Bulgaria,0.385535129,0.394134326,0.414555821,0.380261784,0.381391265,0.492373432,0.412145436,0.371872047,0.379775001,0.362138277,0.386343747,0.455974323,0.431244692,0.384311998,0.41606127,0.443047382,0.410963464,0.430796782,0.428760471,0.414144058,0.373703516,0.42973527,0.472894558,0.360000808
Burkina Faso,0.000330978,0.000180844,0.000218377,0.000327566,0.000342579,0.000339508,0.00027263,0.000376359,0.000459274,0.000446991,0.000416281,0.000307093,0.000361687,0.000395808,0.000344626,0.000361687,0.000547347,0.000554133,0.001200214,0.001184541,0.001524671,0.001522727,0.001360407,0.001484201
Burma,0.152772033,0.26986941,0.367241016,0.415680308,0.437131404,0.549171073,0.537748651,0.571509633,0.527447144,0.496811906,0.523960024,0.521126307,0.525634834,0.543064919,0.643182591,0.721364809,0.775071171,0.761619155,0.717798122,0.739059228,0.710797682,0.720351469,0.633593143,0.569107753
Burundi,0.00033439,0.000388984,0.00042993,0.000341214,0.000307093,0.000324153,0.000313917,0.000395808,0.000378748,0.000409457,0.000532965,0.000498465,0.00053821,0.000547902,0.000548411,0.000537028,0.000565931,0.000719352,0.000881045,0.000959131,0.000979768,0.000931218,0.000932144,0.000933158
Cabo Verde,2.72971e-05,2.04728e-05,2.04728e-05,1.70607e-05,2.04728e-05,2.04728e-05,2.3885e-05,2.3885e-05,2.04728e-05,2.3885e-05,1.36486e-05,8.53035e-05,0.000242262,0.000283208,0.000307093,0.000290032,0.000283208,0.000255911,0.000303681,0.000283208,0.000249086,0.000283208,0.000498173,0.000498173
Cambodia,0.000160371,0.000105776,0.000102364,0.000214188,0.000229166,0.000293538,0.000319398,0.000325346,0.000321071,0.000319545,0.000315577,0.000379607,0.001962253,0.003569303,0.006461514,0.007172619,0.009328595,0.009825975,0.017717674,0.015725012,0.015464605,0.02053428,0.024992654,0.02131287
Cameroon,0.259315922,0.235021374,0.245671465,0.233756347,0.224925853,0.207682302,0.218874172,0.202295511,0.19283724,0.181959389,0.163850305,0.154867793,0.162205439,0.151682842,0.195651786,0.252987716,0.242057475,0.205224774,0.226397157,0.255329574,0.262519506,0.252903789,0.250367603,0.243588179
Canada,14.73986522,14.82726127,14.90798806,14.75244885,15.03101657,15.31408972,15.48003146,15.56469475,16.45731997,15.82430048,15.96533096,16.25161252,16.71097996,17.44135985,18.29948321,18.5075452,18.70731529,20.23211289,21.22914211,20.93491481,20.17409854,20.82892585,21.55921058,21.9542668
Cayman Islands,0.0,0.0,0.0,0.0,0.0,0.0,0.0,0.0,0.0,0.0,0.0,0.0,0.0,0.0,0.0,0.0,6.82428e-06,3.07093e-05,5.11821e-05,6.14185e-05,6.82428e-05,7.50671e-05,7.70593e-05,7.84793e-05
Central African Republic,0.000283208,0.000279796,0.000279796,0.000283208,0.000423106,0.000453815,0.000474288,0.000464051,0.000464051,0.000460639,0.000457568,0.000499196,0.000509774,0.000468828,0.000574605,0.000574605,0.000578017,0.000513186,0.000511821,0.000511821,0.000511821,0.000511821,0.000481112,0.000481112
Chad,0.0,0.0,0.0,0.0744744,0.3952728,0.387192,0.3558672,0.3279744,0.29042208,0.27210768,0.2790528,0.26184288,0.238709488,0.227846214,0.275675535,0.280229698,0.260472584,0.291463234,0.299664275,0.291655975,0.280475987,0.240468519,0.249673768,0.282577288
Chile,0.141912014,0.165690589,0.192569293,0.177783816,0.174224815,0.201662198,0.213348651,0.192879097,0.200707613,0.224095225,0.198959949,0.210675515,0.19638674,0.233273905,0.238460935,0.253187383,0.251693948,0.253325043,0.263292107,0.260191786,0.24132229,0.238583209,0.263337842,0.290799082
China,39.78413943,42.07882339,44.18063849,50.75970343,57.9819786,64.17206423,69.29192754,74.33176575,78.52919093,83.75500723,92.7130224,100.6771581,105.6654931,107.4041601,107.8770295,106.9432807,100.047451,101.4259476,108.1952807,114.9226468,117.2018875,122.7944592,124.1632624,126.5666466
Colombia,2.784406649,2.737736643,2.700157662,2.775694255,2.863932796,2.977430775,3.164430833,3.197088139,3.565080211,3.795464924,4.198455161,4.779580504,4.980887859,5.055159458,5.10295054,5.080662919,4.946857401,4.908569446,4.79337426,4.854419606,3.727158081,3.863978742,3.866379909,3.638208365
Comoros,6.82428e-06,6.82428e-06,1.02364e-05,1.36486e-05,1.70607e-05,1.70607e-05,1.70607e-05,1.70607e-05,1.70607e-05,1.70607e-05,1.70607e-05,1.70607e-05,1.02364e-05,6.82428e-06,6.82428e-06,6.82428e-06,6.82428e-06,1.36486e-06,1.36486e-06,1.36486e-06,0.0,0.0,0.0,0.0
Congo-Brazzaville,0.557271251,0.51714382,0.49863114,0.454008787,0.473135973,0.522233321,0.591428922,0.482712226,0.519570688,0.596931883,0.762783743,0.665404399,0.613239806,0.583433053,0.563535872,0.5734071,0.48557838,0.565124528,0.765074662,0.730135615,0.627119853,0.587964113,0.60639526,0.580039204
Congo-Kinshasa,0.069753042,0.073824101,0.069993164,0.074451935,0.082003876,0.07861816,0.076902302,0.077915708,0.068219356,0.073555889,0.071474932,0.069648701,0.070086317,0.072196802,0.074235652,0.074575841,0.075356471,0.074357981,0.091660839,0.093906944,0.09227462,0.095848854,0.097524664,0.095154125
Cook Islands,3.41e-07,3.41e-07,3.41e-07,3.41e-07,3.41e-07,3.41e-07,3.41e-07,3.41e-07,3.41e-07,3.41e-07,3.41e-07,3.41e-07,3.41e-07,2.72971e-06,4.777e-06,1.19425e-05,1.60371e-05,2.3885e-05,5.45943e-05,5.11821e-05,4.43578e-05,5.42531e-05,5.42531e-05,5.42531e-05
Costa Rica,0.023294096,0.023258709,0.026321026,0.025978599,0.028823565,0.030239958,0.0308441,0.032467035,0.033425529,0.030766737,0.031185614,0.031237529,0.034410834,0.033492684,0.0339677,0.03931343,0.03955652,0.039471431,0.039586194,0.039672295,0.040974857,0.044475082,0.042803153,0.040275412
Cote d'Ivoire,0.070987753,0.068916027,0.087368317,0.09877766,0.10691275,0.138041856,0.185561677,0.163589893,0.191882576,0.188960594,0.159034939,0.149487196,0.151466823,0.158007879,0.157513182,0.142192545,0.17593772,0.171458498,0.165712087,0.177664071,0.174206254,0.168870909,0.171954744,0.163026747
Croatia,0.138211769,0.142015467,0.124772017,0.130038198,0.127256546,0.117364074,0.11660659,0.127391358,0.128086609,0.135347738,0.139036568,0.118482811,0.111879533,0.117718574,0.115858606,0.104756341,0.103434037,0.093754634,0.109072093,0.096822755,0.088443596,0.090357186,0.084517063,0.092483893
Cuba,0.153200052,0.150131582,0.178267926,0.174392997,0.156567274,0.139279786,0.138804174,0.145053187,0.169238637,0.165721038,0.172804239,0.171267362,0.17055394,0.170220618,0.174267061,0.168263265,0.158792692,0.146035116,0.139566126,0.128066534,0.122768519,0.114628053,0.108419611,0.105086473
Cyprus,0.0,0.0,0.0,0.0,0.0,3.41214e-06,3.41214e-06,1.67087e-05,0.000383471,0.00055094,0.0007092,0.001173247,0.001319387,0.00149139,0.001382423,0.001690991,0.001768458,0.001836498,0.001952845,0.002074628,0.002360574,0.002935571,0.003333641,0.004088037
Czechia,1.243576393,1.270981454,1.274363772,1.359551072,1.371353187,1.320943857,1.349112016,1.346660766,1.314490032,1.268649774,1.26422178,1.319739435,1.31226848,1.212666153,1.12162391,1.082198046,1.009139667,1.030312471,1.010117987,0.970109183,0.831867839,0.841329166,0.892154633,0.80673825
Denmark,1.116100629,1.092998448,1.147163738,1.14604456,1.296589783,1.283131496,1.195896865,1.087711982,1.05976578,0.936748696,0.914121699,0.80509411,0.73330459,0.640000356,0.619342458,0.602958267,0.568426914,0.592710379,0.520015975,0.464098257,0.338643092,0.350001918,0.354728872,0.344454098
Djibouti,0.0,0.0,0.0,0.0,0.0,0.0,0.0,0.0,0.0,0.0,0.0,0.0,1.70607e-06,1.70607e-06,1.70607e-06,1.70607e-06,1.70607e-06,1.70607e-06,3.41214e-06,3.41214e-06,3.41214e-06,0.000239532,0.000239655,0.00023885
Dominica,0.000109189,9.21278e-05,0.000102364,9.89521e-05,0.000116013,9.28103e-05,9.28103e-05,7.26786e-05,6.92665e-05,8.15502e-05,8.15502e-05,0.000122496,9.34927e-05,0.000127614,0.000107141,8.66684e-05,0.000127614,9.69048e-05,8.5986e-05,7.23374e-05,6.89253e-05,7.23374e-05,8.26324e-05,8.26324e-05
Dominican Republic,0.004200902,0.004067466,0.00474622,0.00580922,0.006854713,0.008034277,0.007574225,0.007419166,0.006338527,0.006532393,0.006494277,0.006871079,0.008066478,0.008958483,0.007004481,0.005906291,0.008127718,0.012309502,0.010395636,0.010238611,0.011767364,0.014326922,0.015106373,0.015617171
Ecuador,0.915658955,0.974911024,0.889340847,0.9579602,1.193012858,1.203696456,1.214410496,1.149367312,1.160619249,1.109616396,1.109925837,1.144308336,1.171999885,1.216037987,1.286375267,1.262055299,1.289326773,1.261474934,1.22924042,1.272973121,1.160282563,1.145944384,1.15939982,1.147827403
Egypt,2.260598563,2.467874199,2.469334174,2.690692039,2.691735553,3.010021067,3.452853991,3.539376623,3.677640883,3.832632237,3.806158021,3.815725004,3.807232454,3.66356068,3.367436952,3.234898337,3.097811532,3.445207771,3.823924418,4.007722287,3.762134856,4.002578828,3.896132822,3.60810232
El Salvador,0.010159895,0.009252609,0.009692847,0.011108878,0.010843501,0.013454917,0.020689662,0.018454904,0.019833602,0.012600132,0.015058762,0.014829065,0.015091792,0.015675964,0.015627772,0.015448803,0.015966236,0.018322261,0.018528453,0.019256195,0.022632155,0.023559707,0.02491829,0.024958299
Equatorial Guinea,0.21834555,0.359431494,0.474290572,0.625979717,0.688666874,0.796173719,0.782933646,0.818028862,0.92694426,0.909684154,0.880039968,0.839992281,0.845679845,0.812157534,0.7742001,0.756035761,0.695368159,0.654998666,0.595983955,0.53720461,0.500098303,0.50128856,0.506175921,0.41367618
Eritrea,3.41214e-06,3.41214e-06,3.41214e-06,3.41214e-06,3.41214e-06,3.41214e-06,6.82428e-06,6.82428e-06,1.36486e-05,1.36486e-05,1.36486e-05,1.70607e-05,1.70607e-05,2.04728e-05,2.04728e-05,2.3885e-05,2.3885e-05,2.72971e-05,0.000170607,0.000174019,0.000174019,0.000167195,0.000163783,0.000163783
Estonia,0.000153091,0.000140965,0.000257874,0.000368593,0.000402857,0.000609302,0.000703869,0.000708345,0.000904114,0.003839665,0.008257372,0.008947226,0.011151114,0.008814663,0.010066436,0.010827897,0.011540971,0.013464984,0.015107124,0.015368617,0.020716904,0.02028652,0.01771254,0.020065627
Eswatini,0.014343033,0.013224788,0.01561225,0.015914196,0.016311615,0.015563229,0.016136546,0.016580352,0.016112334,0.012530802,0.009460812,0.007711298,0.007679736,0.007446098,0.007134776,0.006745799,0.007053648,0.00664811,0.005800681,0.005328934,0.005433428,0.005486029,0.008359939,0.009320935
Ethiopia,0.00599711,0.007204422,0.00728215,0.008227726,0.009027543,0.01021102,0.011602734,0.011869001,0.011795201,0.012578962,0.017348401,0.021844542,0.026188969,0.029886547,0.032772628,0.035974644,0.043160095,0.044942696,0.048716763,0.052377729,0.053412037,0.053933128,0.059626188,0.073463949
Falkland Islands,6.82e-07,6.82e-07,6.82e-07,1.02364e-06,1.02364e-06,1.02364e-06,1.02364e-06,1.02364e-06,6.82428e-06,6.82428e-06,1.70607e-05,2.04728e-05,2.3885e-05,2.3885e-05,2.3885e-05,2.18377e-05,2.49086e-05,1.70607e-05,1.70607e-05,1.70607e-05,1.36486e-05,1.36486e-05,1.70607e-05,1.70607e-05
Faroe Islands,0.00025864,0.000258299,0.000327907,0.000299586,0.000344285,0.000369535,0.000392055,0.000406727,0.00036817,0.000363393,0.000275701,0.000365099,0.000375336,0.000378748,0.000532294,0.000641483,0.000535706,0.000580064,0.000582794,0.000528882,0.00054448,0.000621005,0.00079795,0.00079795
Fiji,0.002739153,0.002923509,0.00285835,0.002490423,0.002554731,0.002456981,0.002453405,0.002677196,0.002270023,0.001989544,0.001771705,0.001906068,0.002149911,0.002154238,0.00172488,0.001748257,0.001892003,0.001794861,0.002730503,0.002801133,0.00293446,0.002774099,0.002427233,0.003116503
Finland,0.356674775,0.352373886,0.345566569,0.349967924,0.378275452,0.372502308,0.373068196,0.380715487,0.39285292,0.372213868,0.390517195,0.391539059,0.403735566,0.408320843,0.410247933,0.419627657,0.405988547,0.412497889,0.422150099,0.434089149,0.429937783,0.467788533,0.479349994,0.534013851
France,4.585047408,4.646428343,4.733900228,4.763289008,4.786690675,4.805355158,4.813651074,4.740920342,4.801492822,4.508798268,4.714917372,4.802652311,4.705918061,4.730045938,4.82845543,4.84039583,4.520730538,4.444059146,4.676464061,4.525848636,4.085153778,4.321801369,3.443493563,3.893888689
French Guiana,0.0,0.001808435,0.001873266,0.001948333,0.0020234,0.002101879,0.002180359,0.00226225,0.002350966,0.002484111,0.002622549,0.0,0.0,0.0,0.0,0.0,0.0,0.0,0.0,0.0,0.0,0.0,0.0,0.0
French Polynesia,0.000395808,0.000358275,0.000446991,0.00052547,0.000607361,0.000610773,0.000682428,0.000760908,0.000723374,0.000719962,0.000946187,0.000785816,0.000720986,0.000581088,0.000664003,0.000679016,0.000740435,0.000723715,0.000689253,0.00068277,0.000693006,0.000645236,0.000826079,0.000826079
Gabon,0.59965823,0.568944904,0.557280633,0.594364024,0.595613567,0.586788777,0.527062605,0.534431455,0.540798054,0.526595163,0.534523743,0.524217009,0.513051859,0.487834195,0.491124203,0.475651628,0.471245616,0.448635996,0.445012042,0.455387973,0.397695739,0.397746836,0.443242885,0.461429271
"Gambia, The",0.0,0.0,0.0,0.0,0.0,3.41214e-06,3.41214e-06,6.82428e-06,6.82428e-06,1.05776e-05,1.12601e-05,1.22837e-05,1.05776e-05,1.05776e-05,1.05776e-05,1.05776e-05,1.05776e-05,1.05776e-05,1.70607e-05,1.70607e-05,1.70607e-05,1.70607e-05,1.70607e-05,1.70607e-05
Georgia,0.026842589,0.025199157,0.026607964,0.028910106,0.025471299,0.024546645,0.021161063,0.026045066,0.026792498,0.030144933,0.035775768,0.031328424,0.031028135,0.037300902,0.035502373,0.035822821,0.037646241,0.037097269,0.037359673,0.032070404,0.031028746,0.038775575,0.042185471,0.040652357
Germany,5.249754221,5.193888929,5.18867239,5.143778861,5.18801668,5.137861255,5.169062863,5.078607372,4.907346786,4.617760066,4.625535833,4.405492498,4.391406042,4.275442278,4.218614166,4.165087083,3.974048168,3.944539093,3.815921165,3.446153047,3.121987407,3.292613121,3.610415351,2.90964247
Ghana,0.037679907,0.037636791,0.032321846,0.028431333,0.033186938,0.032155697,0.032080778,0.025689487,0.034119791,0.036385867,0.039364659,0.191470015,0.197647882,0.240116033,0.25791285,0.268142675,0.256263968,0.379857275,0.434040811,0.513824343,0.553992384,0.524032758,0.503780046,0.498056585
Greece,0.362722182,0.367413202,0.391361651,0.385369788,0.394347972,0.389813356,0.371203967,0.370384354,0.36901717,0.373725837,0.343213265,0.344340642,0.371029717,0.34054183,0.318852244,0.296909752,0.233107527,0.251697867,0.251040207,0.20848268,0.142763743,0.146506085,0.160398717,0.141732274
Greenland,0.000594698,0.000550485,0.000631183,0.000625323,0.000667151,0.000704664,0.000679691,0.000707938,0.000701078,0.000914954,0.001011465,0.001155699,0.001180275,0.001291407,0.001349923,0.001452986,0.001377701,0.001333296,0.001449036,0.001417829,0.001489154,0.001502803,0.001618816,0.001618816
Grenada,0.0,0.0,0.0,0.0,0.0,0.0,0.0,3.41e-07,3.41e-07,3.41e-07,5.80064e-06,5.80064e-06,8.53035e-06,8.53035e-06,8.53035e-06,5.11821e-06,8.53035e-06,1.12601e-05,1.19425e-05,1.4331e-05,1.4331e-05,1.4331e-05,1.4331e-05,1.4331e-05
Guadeloupe,0.000780652,0.000776146,0.000765284,0.001096058,0.001121821,0.001127785,0.001117897,0.001084034,0.001072919,0.001081321,0.001126944,0.0,0.0,0.0,0.0,0.0,0.0,0.0,0.0,0.0,0.0,0.0,0.0,0.0
Guam,0.0,0.0,0.0,0.0,0.0,0.0,0.0,0.0,0.0,3.41e-07,6.82e-07,6.82e-07,2.04728e-06,6.82428e-06,8.87157e-06,0.000105435,0.000226225,0.000206776,0.000255911,0.000266147,0.000276383,0.000286325,0.000484524,0.000484524
Guatemala,0.060454297,0.059474536,0.066190051,0.067065716,0.058165854,0.057828741,0.054825867,0.056045667,0.056193821,0.049559745,0.056991334,0.051089689,0.056818546,0.057589731,0.060342078,0.05953636,0.061834564,0.061537422,0.065390154,0.064192185,0.064500795,0.075582289,0.073474767,0.065448301
Guinea,0.00138533,0.001863029,0.002009751,0.001351208,0.001873266,0.001668537,0.001555937,0.001818671,0.001787962,0.001767148,0.001647723,0.001412285,0.001661372,0.001644652,0.001456984,0.003077752,0.003769734,0.004207512,0.004135516,0.004473318,0.005172807,0.009103594,0.010140885,0.010321728
Guinea-Bissau,0.0,0.0,0.0,0.0,0.0,0.0,0.0,0.0,0.0,0.0,0.0,0.0,0.0,0.0,1.02364e-06,3.41214e-06,3.41214e-06,3.41214e-06,1.02364e-05,1.02364e-05,1.02364e-05,1.02364e-05,1.02364e-05,1.02364e-05
Guyana,7.8551e-05,8.06007e-05,0.000141411,0.000134668,0.000144236,0.000122675,0.000123032,0.000130851,0.00011272,0.000100286,0.000101173,0.000118118,0.0001739,0.000208691,0.000195667,0.000259798,0.000190148,0.000150552,0.000140859,0.000151237,0.000126146,0.000120785,0.00013168,0.000708114
Haiti,0.0009554,0.0009554,0.00087692,0.00085986,0.00087692,0.000893981,0.000914454,0.000518646,0.000610773,0.000699489,0.000597125,0.000409457,0.00075033,0.000480771,0.000306752,0.000287302,0.000246698,0.000439143,0.000682428,0.000610773,0.000508409,0.000474288,0.000644895,0.000644895
Honduras,0.007724774,0.007031226,0.006327454,0.007887365,0.008438714,0.007083978,0.008400035,0.009139995,0.009680056,0.014094173,0.014761801,0.015104243,0.015722597,0.016062932,0.013847471,0.020113806,0.022779265,0.026619347,0.028183341,0.028880747,0.027453734,0.031115728,0.031257615,0.031301973
Hong Kong,0.0,0.0,0.0,0.0,0.0,0.0,3.41214e-06,3.41214e-06,3.41214e-06,6.82428e-06,0.000543758,0.001565561,0.000599899,0.000943724,0.00452878,0.000827386,0.001439691,0.001526181,0.001450696,0.001487881,0.001407165,0.001642017,0.001933602,0.002054629
Hungary,0.413262886,0.415774381,0.392224738,0.371844255,0.37369351,0.380838621,0.374798565,0.367213929,0.376428286,0.392063058,0.391404788,0.378928097,0.364029138,0.353991167,0.352761983,0.353074884,0.36061329,0.355321693,0.359482674,0.355816263,0.344671754,0.340879114,0.339122449,0.322304675
Iceland,0.025983459,0.027170884,0.028457261,0.028740469,0.029180195,0.029408301,0.033632846,0.040586721,0.055757806,0.057013475,0.0571329,0.057491174,0.059009165,0.061404449,0.060739081,0.063308876,0.061993836,0.065069541,0.067211683,0.066054626,0.064463203,0.066164156,0.067788691,0.068663451
India,8.152524491,8.432103795,8.955021196,9.378739574,9.8595604,10.33919863,10.87908158,11.41649137,11.67267737,12.12836504,13.25125125,13.50327825,13.5613905,13.65304859,14.13573002,14.56634315,15.3471141,15.68824677,16.51020807,16.93527268,16.52910839,17.61876613,19.56994741,21.46261674
Indonesia,7.200216975,7.061986411,7.247699522,7.559766975,7.809661729,8.276957839,9.312878135,10.19349353,10.71727838,11.04672663,12.69279966,12.21965399,12.70876182,14.48338802,14.1709725,14.15850311,14.07769706,13.96999531,15.87875626,16.85844723,15.46145815,16.39635935,17.69609889,18.79993969
Iran,10.35099273,10.57770016,10.33177643,11.54361256,12.08648422,12.90522306,13.22615849,13.56437991,13.32225364,14.21561124,14.59363294,14.79070869,13.67487002,13.20949651,13.97077633,14.48982467,17.02657305,18.23081055,18.14884761,15.79475423,15.72710922,16.93440982,17.56933096,18.63228596
Iraq,5.610502263,5.143043006,4.395514585,2.872471721,4.34430964,3.964546615,4.16326054,4.553903245,5.162355024,5.152187988,5.23746018,5.697075714,6.46375335,6.61401604,7.313729835,8.786467317,9.677944242,9.957144655,10.3144037,10.55966856,9.115741031,9.166427024,10.02267091,9.794098033
Ireland,0.048178122,0.034059374,0.034803672,0.029133794,0.035831409,0.027647916,0.027466335,0.028016119,0.031149476,0.032191871,0.027462467,0.029943919,0.029525346,0.03003404,0.032059436,0.036018767,0.141141414,0.163163757,0.165243919,0.144351045,0.129275688,0.106636313,0.108273492,0.095975677
Israel,0.000472699,0.000435166,0.000461985,0.000852316,0.023932962,0.024692131,0.035036506,0.041120693,0.051936501,0.043075608,0.057563536,0.096872275,0.052776929,0.16847293,0.2917494,0.31446738,0.353494181,0.370796617,0.38258862,0.386682687,0.565451551,0.708329203,0.809727576,0.939111331
Italy,0.961110828,0.906384366,0.918316947,0.899925549,0.936514601,0.913389467,0.879105515,0.816592432,0.839364525,0.809203837,0.89382652,0.92433616,0.962961185,1.031560155,1.062806396,0.99577186,0.889577939,0.884490348,0.941842049,0.897339373,0.930752395,0.869369118,0.785478198,0.755579182
Jamaica,0.002480276,0.001957999,0.003419022,0.004414997,0.003882285,0.004263475,0.008243869,0.007939035,0.009567744,0.001895655,0.001931728,0.00216319,0.002568147,0.002344147,0.002307618,0.002475782,0.005239206,0.002165386,0.002290517,0.002355186,0.002316708,0.0022976,0.002284825,0.002284825
Japan,3.721493392,3.686569433,3.414568676,2.932733968,3.348468595,3.46427053,3.632649987,3.357717951,3.12234516,3.353138293,3.546175553,2.295842536,0.871004419,0.851621199,0.788153817,0.874019691,1.078021989,1.29845195,1.502148492,1.69413623,1.535329932,1.816552278,1.775159681,2.120352219
Jordan,0.010866003,0.010931319,0.011700724,0.011673076,0.011753556,0.01064774,0.012115778,0.007755782,0.0065654,0.006830618,0.006856927,0.006200556,0.005646938,0.005212168,0.004597333,0.005336754,0.006810777,0.008480337,0.010874974,0.013590783,0.018950554,0.023570546,0.02341125,0.023788339
Kazakhstan,3.888867392,4.192635355,4.485870176,4.748674211,5.24217,5.434662618,6.00951975,6.296680846,6.408417845,6.644604118,7.078761714,7.346886561,7.407980876,7.496465654,7.512182779,7.492296521,7.29216,7.658972245,7.858212781,7.766779007,7.437431504,7.314663336,7.700859115,7.964418091
Kenya,0.005940539,0.009755313,0.016601716,0.01842187,0.01789671,0.018315294,0.019158289,0.019878976,0.018251031,0.016925378,0.021716699,0.022055497,0.0251134,0.02532299,0.027903481,0.033928279,0.033568544,0.033946451,0.034170283,0.035764588,0.03848261,0.039271621,0.040262595,0.040251918
Kiribati,0.0,0.0,0.0,0.0,0.0,1.36486e-06,1.36486e-06,1.36486e-06,1.70607e-06,1.70607e-06,2.3885e-06,2.3885e-06,2.72971e-06,2.72971e-06,4.43578e-06,1.33074e-05,1.63783e-05,1.63783e-05,1.63783e-05,2.04728e-05,2.04728e-05,2.04728e-05,2.04728e-05,2.04728e-05
Kuwait,4.355331134,4.210390333,3.947078696,5.22115953,5.630828921,5.882665137,6.051685387,5.914169414,6.292156186,5.727599659,5.634791982,6.255329876,6.590521206,6.744128527,6.679565493,7.116817059,7.371170167,7.041556751,7.154291067,7.04453986,6.324600946,6.357471335,7.051293488,6.8792152
Kyrgyzstan,0.056605975,0.053278181,0.047259187,0.056131412,0.059037188,0.054227755,0.051002794,0.052546712,0.045080071,0.046764771,0.049145878,0.063333263,0.068555406,0.069791822,0.076504472,0.069278394,0.070560804,0.085358083,0.095003346,0.097906768,0.101236391,0.089418388,0.108629757,0.110515612
Laos,0.014621627,0.015012798,0.015128184,0.014294966,0.015748049,0.017916843,0.018841176,0.018983549,0.021253957,0.021059719,0.041822361,0.058848614,0.060612482,0.070697789,0.07166973,0.117044021,0.248681547,0.262374166,0.305222617,0.287955306,0.309739738,0.324679014,0.322876164,0.358696988
Latvia,0.009536936,0.009581294,0.008356335,0.007817216,0.010930578,0.011734893,0.009785172,0.010156334,0.012193486,0.014019623,0.014191203,0.012409367,0.016162358,0.012485263,0.009777739,0.009184323,0.01075165,0.017472366,0.020757223,0.018985605,0.020112938,0.019827944,0.020250263,0.020375913
Lebanon,0.001518403,0.001126007,0.002289547,0.004602979,0.003784065,0.003534979,0.002347553,0.00197563,0.00125908,0.002101879,0.002838902,0.002722889,0.003408729,0.004309535,0.000696077,0.001695834,0.001436512,0.001613602,0.00178074,0.00401103,0.004380777,0.003433567,0.006978782,0.007466718
Lesotho,0.000982697,0.00097246,0.001071412,0.001108946,0.001013406,0.001566173,0.001791374,0.001890326,0.001992691,0.002211068,0.002368026,0.001671949,0.001658301,0.001757253,0.001777726,0.001819354,0.00178455,0.001841533,0.001764077,0.001340972,0.001456984,0.001815942,0.001642241,0.003009518
Liberia,0.0,0.0,0.0,0.0,0.0,0.0,0.0,0.0,0.0,0.0,0.0,0.0,0.0,0.0,0.0,0.0,0.0,1.02364e-05,0.000459507,0.000459308,0.000459176,0.000459176,0.000459176,0.000462588
Libya,3.300351902,3.200209202,3.099129856,3.310412776,3.68179381,4.024348931,4.296785173,4.384799138,4.621350793,4.404147041,4.448464882,1.372295472,3.664004938,2.640536133,1.652093143,1.454563456,1.361711709,2.595096608,2.819984541,3.052281854,1.275452381,3.063357612,2.704636068,3.027473079
Lithuania,0.086432694,0.116220576,0.144498295,0.158032241,0.167750296,0.113188333,0.0950122,0.107062969,0.109437285,0.11896975,0.012882099,0.012755186,0.013916586,0.016602305,0.016717035,0.017734872,0.018914281,0.018291514,0.019328718,0.019845534,0.021078201,0.020087523,0.021011806,0.019779218
Luxembourg,0.00107283,0.001094196,0.001040272,0.000996176,0.001276481,0.001306135,0.001547561,0.001703935,0.001807359,0.001802971,0.001883201,0.002020593,0.002184804,0.0023835,0.0025769,0.002815012,0.002996886,0.003742552,0.004258443,0.004934655,0.005951043,0.006083959,0.006066565,0.005192392
Macau,0.0,0.000595206,0.000732486,0.001512738,0.001532512,0.001589907,0.001636703,0.001690234,0.00174423,0.001768585,0.001931768,0.002040445,0.002169738,0.002318559,0.002482213,0.001835919,0.001851093,0.001891507,0.001628773,0.001930684,0.001658166,0.001830124,0.0017956,0.0017956
Madagascar,0.001913966,0.001884278,0.001906883,0.002152062,0.002273478,0.002297176,0.002272094,0.002538173,0.002479455,0.002621637,0.00255068,0.002498239,0.002731121,0.002927403,0.003190635,0.00337642,0.003260392,0.002982193,0.003631112,0.003381561,0.003139884,0.002974638,0.003312338,0.003312338
Malawi,0.006417915,0.005743277,0.006249934,0.006875098,0.006519562,0.006603992,0.006920429,0.00699867,0.00760243,0.007527803,0.008884941,0.009043204,0.009062465,0.008984108,0.009390964,0.009268455,0.008932056,0.008328756,0.006607196,0.007425422,0.007402188,0.007568656,0.007493269,0.006360793
Malaysia,3.023112145,3.155052919,3.344363508,3.396635145,3.487462759,3.686676922,3.767564197,3.750776012,3.820983423,3.751346519,3.804793654,3.695285799,3.728147558,3.795726836,3.87007034,3.912336606,3.957477952,4.091774093,4.220589664,4.261961616,3.873992645,3.997992107,4.182839407,4.0836184
Maldives,0.0,0.0,0.0,0.0,0.0,0.0,0.0,6.82428e-06,6.82428e-06,6.82428e-06,7.1655e-06,7.50671e-06,1.36486e-05,1.70607e-05,2.72971e-05,3.07093e-05,4.43578e-05,6.14185e-05,9.21278e-05,0.000112601,0.00014331,0.000173337,0.000196403,0.000196401
Mali,0.001325503,0.001335779,0.001344457,0.001335088,0.001377081,0.002055196,0.002160145,0.002130992,0.00245432,0.0028005,0.004284233,0.004468114,0.004812918,0.004385312,0.005298836,0.004488927,0.005713101,0.005718785,0.005303471,0.005303906,0.005840564,0.00563291,0.006737467,0.006737467
Malta,0.0,0.0,0.0,0.0,0.0,0.0,0.0,0.0,0.0,3.41214e-06,4.59332e-05,0.000104752,0.000173498,0.000203003,0.000341768,0.000426126,0.000538949,0.000655328,0.000728199,0.000726457,0.000862829,0.000936628,0.001049502,0.001144064
Martinique,0.0,0.0,0.000152601,0.000151881,0.000150246,0.000156816,0.000304407,0.000306322,0.000302457,0.000302565,0.00024342,0.0,0.0,0.0,0.0,0.0,0.0,0.0,0.0,0.0,0.0,0.0,0.0,0.0
Mauritania,0.000109189,0.000116013,0.000116013,0.000139898,0.000150134,0.000167195,0.066880034,0.034348181,0.027705663,0.024407212,0.017988708,0.016979498,0.014558266,0.015139272,0.013589781,0.012305234,0.011364131,0.00115774,0.00150919,0.001583234,0.001603707,0.001549112,0.001545539,0.001545539
Mauritius,0.004720967,0.005178229,0.004888419,0.004945534,0.005121949,0.004916672,0.004684404,0.004910477,0.005155707,0.005713708,0.00639277,0.005615007,0.005585625,0.00558574,0.005725708,0.006122415,0.005938653,0.004911281,0.004826083,0.004920277,0.004538442,0.004168886,0.00365224,0.003684883
Mexico,9.056685716,9.28515673,9.381272281,9.944006053,10.06752034,10.01176637,10.08035847,9.740470789,9.152826899,9.041873831,8.638006657,8.718030516,8.45759564,8.389634907,8.082549715,7.437551482,7.086288451,6.409843509,5.993543805,5.589119653,5.690898164,5.724853384,5.906773414,6.150012133
Moldova,0.00133756,0.001224959,0.001187425,0.001221547,0.00119425,0.001224959,0.003094172,0.001207898,0.001313675,0.001207898,0.001375093,0.001187425,0.00090763,0.001083671,0.001212108,0.001057657,0.001274254,0.001208219,0.001297151,0.001452126,0.001384196,0.001664962,0.00189908,0.002142329
Mongolia,0.037609767,0.037769259,0.040952668,0.051943291,0.089887822,0.080734828,0.090281566,0.106844414,0.125213061,0.184478343,0.376576978,0.369114053,0.484483083,0.428146586,0.484133999,0.624391298,0.891015891,1.042722218,1.126826892,1.123792055,0.917880259,0.6419943,0.755198603,1.604858571
Montserrat,0.0,0.0,0.0,0.0,0.0,0.0,0.0,0.0,0.0,0.0,0.0,0.0,0.0,0.0,0.0,0.0,0.0,0.0,0.0,0.0,0.0,6.82428e-06,6.82428e-06,6.82428e-06
Morocco,0.005863557,0.006685489,0.006352248,0.008110289,0.00861784,0.007854813,0.009143663,0.00831844,0.008336658,0.013998841,0.017615853,0.012272028,0.011909601,0.018757406,0.017433732,0.020216544,0.020907802,0.020712723,0.027211829,0.03151934,0.029555122,0.032477851,0.028955247,0.033730452
Mozambique,0.035511892,0.043046425,0.045895296,0.040589207,0.083197223,0.127400262,0.145902525,0.152558934,0.167135974,0.163682355,0.181334261,0.223962735,0.368345536,0.423653338,0.449564873,0.464110456,0.480199039,0.670158908,0.689827802,0.543178361,0.451651096,0.533614982,0.49267281,0.645300637
Namibia,0.004766762,0.004138928,0.004862302,0.004852065,0.004674634,0.005664155,0.005172807,0.005275171,0.00478041,0.004831593,0.004282238,0.004821356,0.005534494,0.004418723,0.005169395,0.005261522,0.004835005,0.005821114,0.004759938,0.004551797,0.006602494,0.0050022,0.004435784,0.006326111
Nauru,0.0,0.0,0.0,0.0,0.0,0.0,0.0,0.0,0.0,0.0,0.0,0.0,0.0,0.0,0.0,0.0,0.0,3.41214e-06,3.41214e-06,6.82428e-06,1.02364e-05,1.26249e-05,1.56515e-05,1.70607e-05
Nepal,0.005792553,0.006411474,0.007358696,0.007905315,0.008268355,0.008664995,0.009446321,0.009636654,0.009705769,0.010738546,0.011040874,0.012042441,0.01224417,0.012211145,0.013290079,0.012110667,0.014591413,0.015968625,0.016920002,0.021428375,0.021547315,0.033324704,0.036811236,0.036719311
Netherlands,2.466994281,2.638514896,2.602117315,2.512987384,2.925435982,2.685940885,2.634633146,2.618965864,2.8545683,2.699453513,3.007007816,2.773812377,2.778761008,2.965788213,2.474078176,1.967694828,1.879259655,1.673441288,1.470138972,1.324283674,1.119237414,1.075924666,0.972261823,0.726555211
Netherlands Antilles,2.72971e-05,0.000242262,0.000242262,0.000242262,0.000242262,0.000242262,0.000242262,0.000242262,0.000214965,0.000221789,0.000232708,0.000304363,0.000328248,0.000542531,0.00063807,0.00068584,0.000600537,0.000754083,0.001019889,0.000921278,0.000842799,0.000919572,0.000887157,0.000887157
New Caledonia,0.001518403,0.001262492,0.001108946,0.001108946,0.001136243,0.001214722,0.001074825,0.001453572,0.001648064,0.001474045,0.001068,0.001422863,0.001559349,0.001755269,0.001202148,0.001400659,0.000987554,0.001484555,0.001401711,0.001568104,0.001723229,0.002217989,0.00276052,0.00276052
New Zealand,0.483648211,0.500579199,0.505257499,0.446607395,0.4349549,0.415425803,0.430425057,0.467105949,0.494622921,0.497338702,0.533594895,0.494129723,0.491865833,0.483952775,0.500556181,0.4754682,0.457221917,0.414771661,0.398161827,0.398890539,0.381735129,0.365797059,0.351191102,0.358251319
Nicaragua,0.002738313,0.002340294,0.003043477,0.003721083,0.004199858,0.005629333,0.005306873,0.005630013,0.007410905,0.007504572,0.007225713,0.006893943,0.008997456,0.010615581,0.011311461,0.010519344,0.011502748,0.012509652,0.013341465,0.013462576,0.012938564,0.014713492,0.01423927,0.014399575
Niger,0.003202462,0.003305702,0.003702467,0.003823926,0.004789199,0.003692287,0.003576092,0.003474471,0.003712704,0.003874649,0.004820002,0.01987066,0.048486599,0.04819946,0.048857693,0.035287637,0.033643427,0.03997564,0.038899616,0.039108437,0.037504081,0.03710201,0.036375509,0.03563124
Nigeria,4.875471654,5.047668202,4.778760642,5.528032653,5.990918919,6.162487378,6.07657818,5.974484422,5.924673288,5.741034958,6.372417949,6.974037005,7.010897314,6.532298116,6.818715722,6.4879803,5.744310232,5.986175028,5.965964827,6.067248157,5.733721135,5.064402821,4.457901292,4.671880839
North Korea,0.751966999,0.772449266,0.745097309,0.770576871,0.811160016,0.886330643,0.895748819,0.784544349,0.833086233,0.65394743,0.659061032,0.672632047,0.683027794,0.817750272,0.824533253,0.80963304,0.891179054,0.788337732,0.667665574,0.735605103,0.700105345,0.594063905,0.585096581,0.591856969
North Macedonia,0.049955881,0.051731475,0.048952053,0.049824935,0.049351472,0.047157588,0.046212039,0.043370387,0.049580533,0.049781912,0.049448118,0.055287183,0.048478764,0.046305229,0.045684927,0.043654378,0.038300468,0.035424398,0.037141403,0.037960355,0.035758028,0.030821218,0.033881795,0.029824135
Norway,9.315640938,9.451277507,9.798897315,9.904975767,10.06234233,9.754686605,9.341164504,9.046579424,9.233399731,9.084301575,8.720587988,8.315771692,8.611625895,8.186832719,8.290047286,8.70922684,8.796692238,9.202659202,8.852176213,8.35452678,8.872303552,9.043936005,9.074844163,9.089655207
Oman,2.393430054,2.569428034,2.481503514,2.343318786,2.319705789,2.401149661,2.460813144,2.38902134,2.4981378,2.637017301,2.831679989,2.855975337,3.056935419,3.110532559,3.14031131,3.186364628,3.261406132,3.210008539,3.392575093,3.393467427,3.325253707,3.469861047,3.741939027,3.76007673
Pakistan,1.036343038,0.994414418,0.990281719,1.087007997,1.181685253,1.346356597,1.50123803,1.521657166,1.492470988,1.514732629,1.559858048,1.553422808,1.719724481,1.611326686,1.646349442,1.659750123,1.644640583,1.657017329,1.677957459,1.517142105,1.554063375,1.509296898,1.688053644,1.703106978
Palestinian Territories,0.0,0.0,0.0,0.0,0.0,0.0,0.0,0.0,0.0,0.0,0.0,0.0,3.41214e-06,6.82428e-06,1.02364e-05,3.07093e-05,0.000146722,0.000159074,0.00020746,0.000422365,0.000609993,0.000766952,0.001166172,0.001166172
Panama,0.011907534,0.008764611,0.011787815,0.00984511,0.013134877,0.012936802,0.012453533,0.012833201,0.013710697,0.013521605,0.014525163,0.014206434,0.018645694,0.018321724,0.0187769,0.023482035,0.02551726,0.02725648,0.029895878,0.021103627,0.028386318,0.032498388,0.032555203,0.02736242
Papua New Guinea,0.138548179,0.130003111,0.1060444,0.108391776,0.09488064,0.117612717,0.108365297,0.088025778,0.093927511,0.088884348,0.071356792,0.068020607,0.064470878,0.071235576,0.281599814,0.484970174,0.526327839,0.521369414,0.448648464,0.501938021,0.523647917,0.497671475,0.516314168,0.497328408
Paraguay,0.182574443,0.154654032,0.164532182,0.176675994,0.177326333,0.175365936,0.185896442,0.185796496,0.191973554,0.190950419,0.188506887,0.200623829,0.209824625,0.212439706,0.195513106,0.198246242,0.225650337,0.212748908,0.212599221,0.182019962,0.172522241,0.150415363,0.161876341,0.152260798
Peru,0.288149836,0.289586636,0.284895027,0.294117685,0.30360935,0.364834512,0.388793578,0.418954093,0.477667456,0.511226643,0.688163258,0.862420604,0.882666588,0.926789264,0.971610123,0.917907428,0.948457191,0.923483258,0.928915743,0.978671562,0.87795279,0.849080693,0.929782642,0.988654858
Philippines,0.098483895,0.118524435,0.194133731,0.220852458,0.234535545,0.244988308,0.241120026,0.28526967,0.312483133,0.367617874,0.38754978,0.41354427,0.404348739,0.435979029,0.424965875,0.39380933,0.495826555,0.504326513,0.545826847,0.590528325,0.527629201,0.540500847,0.521983481,0.481046716
Poland,2.981838087,3.020099643,2.99155266,3.007474086,3.013856465,2.958577148,2.896756558,2.717961087,2.682781863,2.545481833,2.528637534,2.605095317,2.73938445,2.71827579,2.607462143,2.618101381,2.547022094,2.448295694,2.349323635,2.261117454,2.070277829,2.145681003,2.037238451,1.792413708
Portugal,0.054942542,0.065176977,0.045558857,0.072022475,0.0545475,0.042153535,0.070901893,0.076867782,0.070845506,0.087920276,0.127686477,0.117353267,0.096848263,0.132049745,0.139546757,0.116231875,0.14189573,0.109950244,0.132709302,0.127245209,0.13701327,0.141065328,0.128781825,0.135772976
Puerto Rico,0.000518646,0.000453815,0.000388984,0.000351451,0.000481112,0.000471899,0.000484524,0.000559591,0.000532294,0.000596442,0.000548672,0.000517963,0.000419693,0.000999757,0.001180601,0.001327048,0.001363388,0.001321051,0.001659608,0.002551158,0.002662049,0.003129999,0.003699827,0.00371786
Qatar,2.769170422,2.695890041,2.759480851,3.218491509,3.758802556,4.071525679,4.383684106,5.071018906,5.903097219,6.339422847,7.781786562,9.174131425,9.836690448,10.0607391,9.745641451,9.783445377,9.845461619,9.773157067,9.737332026,9.653522022,9.719708434,9.802626073,9.851955078,9.984940753
Reunion,0.004552898,0.004501175,0.004393303,0.004300843,0.004900423,0.004602538,0.004704102,0.004934358,0.004799587,0.004573898,0.004777044,0.0,0.0,0.0,0.0,0.0,0.0,0.0,0.0,0.0,0.0,0.0,0.0,0.0
Romania,1.092618433,1.145628052,1.086516579,1.047076546,1.030241116,1.016998717,1.059771341,1.068401969,1.079325828,1.036376957,1.008027059,1.031076737,1.00478187,0.957080792,0.976504335,0.982248845,0.904520639,0.953661886,0.929623257,0.897342541,0.811746354,0.830023535,0.816312321,0.801804843
Russia,41.2030304,42.45296795,44.17647588,47.28244722,49.91809381,51.22673389,52.03002462,52.66907648,52.47915569,49.83127103,53.10138581,54.06049115,54.83896509,56.02866903,55.79976912,56.68689442,57.83345208,61.51716106,63.56538001,64.40167173,60.20717217,64.07304405,61.01459349,59.91578947
Rwanda,0.000368476,0.000314014,0.000344563,0.000412758,0.000296636,0.000347801,0.000443261,0.000436733,0.000546243,0.000569558,0.000402355,0.000528524,0.000640043,0.000520668,0.000732158,0.001032045,0.001120587,0.002125214,0.00297358,0.003712164,0.004089341,0.004298921,0.00437241,0.00437241
Saint Kitts and Nevis,0.0,0.0,0.0,0.0,0.0,0.0,0.0,0.0,0.0,0.0,0.0,1.70607e-05,2.72971e-05,2.72971e-05,2.72971e-05,2.72971e-05,2.72971e-05,1.70607e-05,3.07093e-05,3.07093e-05,3.75336e-05,3.75336e-05,3.75336e-05,3.75336e-05
Saint Lucia,0.0,0.0,0.0,0.0,0.0,0.0,0.0,0.0,0.0,0.0,0.0,0.0,3.41e-07,3.41e-07,6.82e-07,4.09457e-06,4.43578e-06,4.43578e-06,2.04728e-05,2.72971e-05,2.72971e-05,2.72971e-05,2.72971e-05,2.72971e-05
Saint Pierre and Miquelon,0.0,0.0,0.0,0.0,0.0,0.0,0.0,0.0,0.0,0.0,6.82428e-06,6.82428e-06,6.82428e-06,6.82428e-06,0.0,0.0,0.0,0.0,0.0,0.0,0.0,0.0,0.0,0.0
Saint Vincent/Grenadines,8.53035e-05,6.48307e-05,7.50671e-05,7.1655e-05,9.21278e-05,8.87157e-05,7.84793e-05,7.67732e-05,7.98441e-05,7.84793e-05,8.87157e-05,8.53035e-05,8.53035e-05,7.84793e-05,4.19693e-05,6.10773e-05,5.7324e-05,7.09725e-05,8.53035e-05,8.18914e-05,8.87157e-05,7.1655e-05,7.1655e-05,7.1655e-05
Samoa,0.000119425,0.000163783,0.000211553,0.000184256,0.000170607,0.000170607,0.000174019,0.000178114,0.000181526,0.000192746,0.00018738,0.000189322,0.000126249,0.000109189,0.000109871,0.000133756,0.000159347,0.000190056,0.000221448,0.000235779,0.00028647,0.000330337,0.000306554,0.000272433
Sao Tome and Principe,3.41214e-05,1.36486e-05,2.04728e-05,2.3885e-05,2.04728e-05,1.36486e-05,2.72971e-05,3.41214e-05,2.72971e-05,2.3885e-05,1.70607e-05,2.04728e-05,2.04728e-05,2.04728e-05,2.72971e-05,2.3885e-05,2.04728e-05,1.70607e-05,1.70607e-05,2.04728e-05,2.04728e-05,2.04728e-05,2.04728e-05,2.04728e-05
Saudi Arabia,20.71808442,20.19414468,19.72436304,23.54063615,24.07808079,25.39165723,25.14216143,24.17488959,26.2537518,23.77971702,23.33473973,26.20005541,27.42039681,26.96768349,27.16518689,28.14869263,29.16268299,28.49454133,29.33880652,27.98378319,26.75426624,26.48991809,29.64053997,27.60593531
Senegal,0.002114506,0.002214239,0.002941157,0.003290787,0.003004444,0.003008421,0.002895153,0.002587439,0.002776233,0.002894343,0.003172655,0.002895011,0.002945084,0.003522185,0.003640071,0.003788358,0.003721727,0.004140914,0.004791128,0.005380701,0.006122484,0.006891547,0.007657511,0.007657511
Seychelles,0.0,0.0,0.0,0.0,0.0,0.0,0.0,0.0,0.0,0.0,0.0,0.0,0.0,2.3885e-05,2.72971e-05,3.07093e-05,3.07093e-05,3.41214e-05,4.09457e-05,0.000160371,0.000221789,0.000266147,0.000290921,0.000290921
Sierra Leone,5.11821e-05,5.11821e-05,5.45943e-05,5.45943e-05,5.45943e-05,6.14185e-05,1.36486e-05,6.14185e-05,6.14185e-05,6.14185e-05,0.000419693,0.000511821,0.000395808,0.000358275,0.000402633,0.000472183,0.000479504,0.000510118,0.000646059,0.000679185,0.000678525,0.000678525,0.000678525,0.000729707
Singapore,0.004998697,0.009775424,0.009624057,0.010024166,0.009595726,0.009598561,0.009463119,0.009627416,0.010330833,0.010395307,0.01360148,0.03088436,0.046011902,0.047031139,0.0490611,0.052283904,0.050155697,0.057425359,0.053642736,0.063792378,0.062631871,0.063224065,0.069379161,0.019547866
Slovakia,0.24935421,0.258509645,0.267370713,0.257374811,0.246799353,0.245892008,0.251055659,0.219681421,0.240491902,0.214819263,0.214369339,0.22989285,0.232585948,0.236583961,0.235247408,0.229038699,0.226129939,0.230878028,0.219182305,0.226178603,0.223104789,0.240370166,0.237417107,0.259409885
Slovenia,0.110176554,0.111045447,0.11898022,0.116165091,0.122215273,0.12101726,0.118030112,0.118561455,0.12822287,0.123358528,0.122836341,0.125238156,0.117652441,0.113678887,0.119041454,0.106374558,0.112806625,0.116372091,0.112736291,0.111332753,0.118717031,0.10548427,0.09463379,0.103710172
Solomon Islands,0.0,0.0,0.0,0.0,0.0,0.0,9.91941e-06,1.97688e-05,1.97088e-05,2.92812e-05,1.95128e-05,3.25614e-05,3.19613e-05,3.23775e-05,4.31598e-05,4.23958e-05,4.4095e-05,4.77724e-05,4.97249e-05,4.89288e-05,4.84008e-05,4.84008e-05,5.75192e-05,5.89784e-05
Somalia,0.0,0.0,0.0,0.0,0.0,0.0,0.0,0.0,0.0,0.0,0.0,0.0,1.36486e-05,1.36486e-05,1.39898e-05,1.77431e-05,4.09457e-05,5.86888e-05,5.86888e-05,5.86888e-05,0.000103047,0.000121131,0.000246357,0.000246357
South Africa,5.171075736,5.126593663,5.08692103,5.490705938,5.626422968,5.60502916,5.620331605,5.653994699,5.760298149,5.662950766,5.770108383,5.851165324,5.857192106,5.823834611,5.938355083,5.816294883,5.820382454,5.850547814,5.77382226,5.857250003,5.611115455,5.337824137,5.597061289,5.464897711
South Korea,1.159419468,1.179548156,1.229052383,1.331859474,1.338416062,1.474134009,1.508960663,1.467604361,1.538462805,1.517530442,1.522137314,1.585560268,1.535125314,1.427969121,1.585409437,1.669738242,1.671902745,1.558810267,1.438048872,1.557960871,1.691148036,1.678520368,1.871424618,1.976233206
Spain,1.173342853,1.236536269,1.177166724,1.207380643,1.208447094,1.096015187,1.125816855,1.081515897,1.010568123,1.001445444,1.156772435,1.044723125,1.06230587,1.089018653,1.092209776,1.026690737,1.04595452,1.014661562,1.037156286,1.020763938,1.059189253,1.08162336,1.088157962,1.047404632
Sri Lanka,0.010836962,0.010543518,0.00914454,0.011181588,0.010052169,0.011750468,0.013231017,0.013415837,0.014092501,0.01348066,0.019593737,0.016286572,0.011885709,0.024736007,0.017185429,0.022504308,0.016933187,0.016435684,0.024308561,0.019677032,0.02035472,0.029594311,0.028904376,0.030397222
Sudan,0.333763469,0.391251077,0.452373775,0.49722236,0.566074977,0.572559617,0.646334207,0.889941344,0.895473588,0.909505078,0.924498052,0.864130824,0.195729807,0.278847226,0.243124799,0.23117854,0.224789449,0.223078389,0.159021015,0.165501752,0.156922021,0.152642811,0.16204428,0.166851255
Suriname,0.025555954,0.02554393,0.025598524,0.027943071,0.028053543,0.030485521,0.032932432,0.035239445,0.039592745,0.039856882,0.041000632,0.040430122,0.03944143,0.037435904,0.036510531,0.038597983,0.039749145,0.040319835,0.040592619,0.040480977,0.039585987,0.037818821,0.035901116,0.035113828
Sweden,0.860164679,1.001397303,0.925061428,0.879183231,1.045805481,1.036606825,0.962965174,0.98532103,0.975954722,0.8697019,0.943135958,0.971149267,1.051393516,1.012322738,1.002918935,0.979410719,1.003070287,1.051420686,1.07017869,1.085064511,0.9435768,0.999593841,1.019047947,0.930563517
Switzerland,0.391495247,0.411291586,0.395307882,0.396616615,0.388797909,0.346427645,0.391044231,0.405988636,0.407509015,0.405508856,0.396789194,0.390242969,0.399867804,0.406635442,0.422750036,0.378396844,0.349848225,0.34282181,0.395671604,0.417492692,0.405925489,0.35593479,0.384391975,0.411504553
Syria,1.489915396,1.555587678,1.745449878,1.693639395,1.344067557,1.223570859,1.16802081,1.118576501,1.120447791,1.1249704,1.181338033,1.070743617,0.616823722,0.330626715,0.255798415,0.214967145,0.193489858,0.192710017,0.206374671,0.214999228,0.237146005,0.299995977,0.311366214,0.324493424
Taiwan,0.449966151,0.424082627,0.463416831,0.457582309,0.466440833,0.472339663,0.458337339,0.465383991,0.465109542,0.47110751,0.473075968,0.481908578,0.473361827,0.485154976,0.488301775,0.431208792,0.389678872,0.296183043,0.350211812,0.406897267,0.395361097,0.367181006,0.339346509,0.29386176
Tajikistan,0.050686195,0.051557014,0.05394798,0.059024335,0.06002648,0.062331147,0.061304808,0.063757561,0.059969429,0.060635006,0.06240093,0.061708649,0.067876493,0.07068963,0.075094105,0.082491379,0.08854791,0.099645917,0.107187985,0.112621626,0.110295678,0.113384296,0.117755935,0.125667192
Tanzania,0.009639417,0.011372066,0.011726882,0.010569017,0.013394172,0.022466241,0.02456363,0.029462514,0.030723404,0.035331434,0.041605011,0.030309207,0.033372775,0.036023306,0.039425527,0.058398177,0.074801402,0.061589834,0.074972817,0.082029324,0.076773173,0.086502313,0.142368518,0.141758312
Thailand,1.248630156,1.293214168,1.381535672,1.470505266,1.509614008,1.681747101,1.761997853,1.833780509,1.988753935,2.093417603,2.304157178,2.394928974,2.594691914,2.645692732,2.661440858,2.591114187,2.713383992,2.659367742,2.610248872,2.653971095,2.414184611,2.338462711,2.171182293,2.032049051
The Bahamas,0.0,0.0,0.0,0.0,0.0,0.0,0.0,0.0,0.0,0.0,1.70607e-06,2.04728e-06,3.07093e-06,6.82428e-06,6.82428e-06,6.82428e-06,6.82428e-06,7.1655e-06,1.70607e-05,2.04728e-05,2.3885e-05,3.75336e-05,6.48307e-05,6.48307e-05
Togo,0.000337802,0.000177528,0.000300205,0.00043312,0.000293004,0.000269085,0.000336851,0.000409349,0.000326802,0.000410965,0.000353966,0.000408904,0.000350239,0.000175662,0.000456327,0.000242454,0.000742239,0.00071655,0.00069983,0.000469544,0.000315866,0.000551304,0.000626371,0.00065708
Tonga,0.0,0.0,0.0,0.0,0.0,0.0,0.0,0.0,0.0,0.0,0.0,0.0,3.41214e-06,1.02364e-05,1.36486e-05,1.70607e-05,1.70607e-05,2.04728e-05,2.3885e-05,3.07093e-05,3.75336e-05,3.07093e-05,2.72971e-05,2.72971e-05
Trinidad and Tobago,0.808432645,0.842803571,0.962841142,1.3139405,1.324819618,1.503404553,1.716263585,1.762430625,1.769759063,1.812553783,1.864331443,1.804152953,1.738155743,1.816280517,1.783749612,1.671742827,1.529300589,1.412680315,1.473627941,1.481814202,1.295473768,1.107408719,1.150226815,1.099567692
Tunisia,0.239294114,0.243692956,0.245425399,0.235510658,0.248762081,0.254540025,0.250201397,0.267877964,0.290664451,0.236792978,0.238393631,0.211017775,0.20711267,0.201827991,0.173434225,0.141980165,0.138784452,0.1353696,0.129479952,0.121167326,0.118347478,0.14745641,0.134817327,0.122372474
Turkiye,0.693570431,0.648373598,0.61055603,0.672674095,0.689935664,0.782685721,0.848350677,0.918835262,0.954094013,0.965972975,0.976230085,0.994827693,0.969979037,0.947868977,0.882198458,0.942190492,1.083630454,1.081985289,1.218832899,1.379109042,1.273466463,1.350188603,1.337757069,1.320146237
Turkmenistan,2.050598469,2.150663488,2.373122632,2.643241081,2.624899283,2.767495589,2.560692654,2.79033031,2.760603771,1.68973654,1.981940948,2.721998506,2.953942387,3.193516631,3.355469976,3.534129692,3.363933365,3.420982925,3.562638545,3.596857905,3.399783528,3.462996046,3.678071455,3.592430193
Turks and Caicos Islands,0.0,0.0,0.0,0.0,0.0,0.0,0.0,0.0,0.0,0.0,0.0,0.0,0.0,0.0,0.0,0.0,0.0,0.0,3.41214e-06,3.41214e-06,3.41214e-06,1.36486e-05,1.70607e-05,1.70607e-05
U.S. Virgin Islands,0.0,0.0,0.0,0.0,0.0,0.0,0.0,0.000260099,0.004172986,0.0,0.0,2.3885e-06,3.07093e-06,4.09457e-06,2.45674e-05,4.53815e-05,4.53815e-05,2.45674e-05,4.777e-05,4.777e-05,4.777e-05,5.83476e-05,5.99484e-05,6.48307e-05
Uganda,0.005598274,0.005598919,0.006074693,0.006420289,0.006923131,0.00675855,0.00447348,0.005272275,0.006372144,0.006045295,0.006283597,0.006112342,0.009692418,0.011518575,0.012216473,0.013949274,0.014754732,0.013855807,0.015212366,0.016620148,0.016674951,0.01947868,0.02161948,0.02161948
Ukraine,3.182899108,3.183539544,3.199512622,3.34951038,3.310723093,3.351673367,3.412423237,3.43285028,3.406641901,3.221311884,3.20828503,3.327525943,3.401229596,3.324944841,2.85933213,2.509511155,2.391305278,2.262712521,2.326506016,2.288748835,2.219144509,2.336729101,1.701060847,1.566704286
United Arab Emirates,6.79765915,6.704702241,6.495470138,7.346631432,7.614170739,7.939197954,8.326756107,8.183356482,8.19142149,7.58712927,7.712635756,8.540611921,9.004675656,9.038192766,9.22794486,9.725135326,9.974895178,9.609598156,9.508659929,10.47168746,9.777827973,9.806409094,10.81430373,10.83610007
United Kingdom,11.5289893,11.08756426,10.95008936,10.38586713,9.442783185,8.581601188,7.802866268,7.297486747,6.892784224,6.487531891,6.251095097,5.390665189,4.79937646,4.459201094,4.444443324,4.854960727,4.910316223,4.940193477,5.08624783,5.02383403,4.859257243,4.170628057,4.26547629,3.765631281
United States,69.26195597,70.02734996,68.69308126,67.85639169,68.20026471,67.37627003,68.5209801,69.40981808,71.03790607,70.27591508,72.53630233,75.20219804,76.54653547,78.98473768,84.76945423,85.34711478,81.04723369,84.36191134,91.96993971,97.59946182,91.86087425,93.91524028,98.58352273,102.7815259
Uruguay,0.02441606,0.031753567,0.032931534,0.029490334,0.01667404,0.023196732,0.012592013,0.028722952,0.023921913,0.025285394,0.040370253,0.034516811,0.032619625,0.043989962,0.055705076,0.059365933,0.061650057,0.064682954,0.064693235,0.069280169,0.061400217,0.064475263,0.062115963,0.056921587
Uzbekistan,2.394603675,2.626669201,2.432959176,2.452069291,2.64225676,2.538431034,2.623346262,2.691321264,2.76993151,2.517403936,2.403255205,2.494679484,2.419125829,2.352369041,2.356628514,2.209297961,2.061085274,2.058286355,2.178960858,2.178021804,1.8129223,1.956910284,1.906814445,1.739087942
Vanuatu,0.0,0.0,0.0,0.0,0.0,0.0,0.0,0.0,0.0,0.0,1.70607e-05,2.37062e-05,4.62923e-05,5.01207e-05,5.3781e-05,6.73044e-05,4.64443e-05,3.26543e-05,6.50587e-05,7.18631e-05,7.5262e-05,6.5708e-05,6.5708e-05,6.91202e-05
Venezuela,8.425783141,8.392637656,7.39868576,6.828919633,7.609629891,8.069411205,8.084972254,7.921395928,7.154816152,7.032452294,6.77717559,7.025747494,7.090862284,7.034879511,6.961296978,6.975474137,6.460281352,5.833022927,4.510106097,2.973446029,2.162963412,2.388580189,2.762316415,2.913129519
Vietnam,1.112607039,1.198059811,1.306685865,1.432291438,1.696731333,1.909044383,2.094820775,2.116988618,2.071988458,2.265661176,2.246107474,2.32746981,2.336834871,2.281737767,2.303062859,2.402987554,2.287848864,2.267905322,2.312058381,2.325161739,2.213396572,2.332280717,2.325710303,2.428989386
Yemen,0.914660984,0.916818074,0.915828147,0.900399761,0.889580901,0.883130404,0.827863938,0.721685955,0.66314539,0.664041732,0.87327429,0.795117253,0.62798868,0.778288103,0.640300383,0.170034472,0.057477723,0.078584034,0.103306353,0.132646157,0.124178231,0.12090886,0.10362291,0.033513359
Zambia,0.031735101,0.032586402,0.032452568,0.033075701,0.034034518,0.03397734,0.034556706,0.033204616,0.032575983,0.033715371,0.035605698,0.039181622,0.044340321,0.048964747,0.052482168,0.049195943,0.046384866,0.062960535,0.076333949,0.067659882,0.072286625,0.083107963,0.078886097,0.108393717
Zimbabwe,0.119607591,0.112526018,0.11088455,0.105943052,0.098844407,0.106258122,0.105539287,0.102251649,0.082985159,0.060373191,0.082222959,0.081966021,0.058906073,0.095260546,0.162331239,0.125461337,0.080098932,0.088324206,0.102673281,0.081876398,0.08073381,0.101219519,0.110153569,0.116675123
