Country,2000,2001,2002,2003,2004,2005,2006,2007,2008,2009,2010,2011,2012,2013,2014,2015,2016,2017,2018,2019,2020,2021,2022,2023,2024
World,75621.9029,75764.24188,75599.86189,79071.85108,83435.7404,84702.43382,85225.20444,85434.13524,86897.90228,85866.65193,87383.8577,88534.04754,90802.57714,91370.21513,93947.33452,96649.51677,97093.81223,97789.54441,100486.8787,100220.768,93897.7798,95660.70601,100203.586,102228.8739,102773.6401
Afghanistan,,,,,0,0,0,0,0,0,0,0,0,0,0,0,0,0,0,0,0,0,0,0,0
Albania,5.716,5.624,7.106,6,7.006,6.985,9.072,10.082,10.03453,10.05364,13.02293,16.04745,18.008905,21.006202,24.06236,23.0535,19.05189,17.05404,16.05469,18.05546,17.31385896,16.1506381,15.05992813,14.04472675,13.06911193
Algeria,1435.587432,1507.479452,1623.835616,1789.890411,1856.934792,1930.027384,1917.468014,1942.263521,1954.481,1909.823112,1880.8924,1862.5645,1875.039769,1762.789322,1721.8256,1798.1049,1698.432256,1632.869525,1576.786934,1570.104304,1404.306744,1415.129339,1473.030681,1444.291046,1380.786908
AmericanSamoa,,,,,0,0,0,0,0,0,0,0,0,0,0,0,0,0,0,0,0,0,0,0,0
Angola,745.3879781,739.2849315,896.6363425,879.0602356,990.2883306,1247.492362,1400.536786,1687.44877,1960.226508,1886.364219,1918.072548,1765.134438,1796.58018,1814.168534,1755.945438,1828.000014,1796.777754,1708.354531,1637.116441,1488.932374,1284.13903,1150.417404,1185.254399,1174.422203,1164.048547
Antarctica,,,,,0,0,0,0,0,0,0,0,0,0,0,0,0,0,0,0,0,0,0,0,0
AntiguaandBarbuda,,,,,0,0,0,0,0,0,0,0,0,0,0,0,0,0,0,0,0,0,0,0,0
Argentina,862.8231038,918.6981753,895.3786329,889.2502027,891.057082,830.329611,831.1796301,802.6279151,804.5547268,786.124089,786.8620644,742.2983945,720.722118,704.9671288,713.0421055,705.2630425,705.0372634,686.3095116,704.8591449,723.059323,656.8417082,708.5545346,787.2274929,819.018804,891.9261208
Armenia,,,,,0,0,0,0,0,0,0,0,0,0,0,0,0,0,0,0,0,0,0,0,0
Aruba,,,,,2.356,2.351,2.235,2.477,2.3643,2.4322,2.3885,2.3087,0.5505,0,0,0,0,0,0,0,0,0,0,0,0
Australia,802.4461475,738.7729151,717.1461096,615.1622192,573.1585874,580.6001534,560.6968219,567.5262904,569.502129,575.8775452,584.9097055,508.2399973,500.8046137,425.4054808,441.4195562,396.4639452,367.1084186,336.9518434,364.669462,475.3095396,475.1731504,460.1342705,436.041357,405.2773435,398.1331957
Austria,19.68142077,20.83013699,21.72054795,20.57804658,25.44596721,25.38078904,26.1956137,28.04188219,27.71430164,27.5462,35.62571781,36.10133425,36.15533552,26.98200411,30.84496301,31.57499041,29.36100219,27.18664932,26.92278904,26.44211507,24.46700437,24.9021122,23.94644,23.10385495,22.86134632
Azerbaijan,282.2218169,301.1632055,308.8570575,311.5737151,313.6141175,449.9733616,651.3523699,865.3989973,874.6622415,1011.979075,1040.858797,989.0781205,927.6480339,876.5573205,852.7142041,854.1325726,839.0564514,794.8208502,795.0061214,773.2083641,700.3683323,716.7350728,672.7760816,623.1671597,597.1365348
Bahrain,197.59,193.358,195.865,199.556,202.007,200.818,197.425,197.384,196.1829,195.5421,193.7077055,202.1414493,185.4938995,210.5174603,216.1996466,216.2019781,215.4984738,213.0230932,211.091137,211.2317301,184.5615197,188.6754868,201.7109956,193.0015506,186.7124424
Bangladesh,4,4,6,3,9.546,9.56,9.533,8.524,13.18656667,11.4188,11.891,11.888,11.65206667,10.9659,10.9431,11.9263,14.9286,14.9256,14.9247,13.9236,13.73184098,13.4058354,13.09672023,12.79399534,12.54247647
Barbados,1,1,1.071309589,1.013846575,1.002,1,1,1,1.001,1.001,1.001,1.001,1.001,1.001,1.001,1,1,0.640857534,1.001,1.001,1.001,0.533520548,0.507443836,1.507849315,1.001
Belarus,36.919,37.04,36.92,36.4,34.679,35.855,36.202,36.211,35.29208,32.257,31.9088,30.71735,30.226,31.1301,32.6124,26.39953151,32.95926667,32.17502466,33.87411233,34.25623151,34.58876066,34.1826539,31.96700835,29.81428786,27.84648673
Belgium,,,,,10.688,8.691,11.914,11.224,10.7599,10.9045,21.1237,20.0665,20.2646,20.984,25.5009,21.057,19.9088,19.6025,18.8857,24.3528,23.6427,24.79236143,24.60582958,24.93928079,24.60479879
Belize,,,,,0,0,2.257309589,2.99979726,3.510663934,3.98950137,4.146978082,3.853449315,2.814051913,2.170838356,1.760041096,1.708493151,1.7,0.989662411,0.825957397,0.970350599,1.7,0,0,0.7871234,0.7871234
Benin,,,,,0,0,0,0,0,0,0,0,0,0,0,0,0,0,0,0,0,0,0,0,0
Bermuda,,,,,0,0,0,0,0,0,0,0,0,0,0,0,0,0,0,0,0,0,0,0,0
Bhutan,,,,,0,0,0,0,0,0,0,0,0,0,0,0,0,0,0,0,0,0,0,0,0
Bolivia,38.83107104,43.93034247,44.88394521,41.62260548,49.29363934,51.05228493,63.43216986,64.53710137,61.25032787,54.44395068,56.13807808,58.06236438,66.76458087,74.35586849,81.36404384,80.95977945,81.30932787,78.17478123,56.89210323,52.1234829,48.59407146,65.40553047,61.98388888,57.62912437,54.92711707
BosniaandHerzegovina,,,,,0,0,-0.073,-0.059,-0.093,-0.0813,-0.0127,0.05727,0.1061,0.2,0.1707,0.1923,0.1865,0.1942,0.1966,0.1993,0.1884,0.206053623,0.203185142,0.208170287,0.204175784
Botswana,,,,,0,0,0,0,0,0,0,0,0,0,0,0,0,0,0,0,0,0,0,0,0
Brazil,1268.056689,1336.329485,1499.033715,1552.046208,1592.885251,1756.605762,1863.853005,1895.933534,2429.43031,2554.200047,2714.30939,2687.041653,2655.851935,2697.273262,2954.471433,3170.192264,3219.38208,3356.215654,3412.790656,3659.460139,3767.539011,3689.549811,3810.266189,4281.785793,4277.066245
BritishVirginIslands,,,,,0,0,0,0,0,0,0,0,0,0,0,0,0,0,0,0,0,0,0,0,0
Brunei,195,203,209.3671233,213,210.3126448,205.9594521,220.3269726,189.9666301,181.7529388,168.8236192,169.2912315,169.3695507,159.1966038,135.3117575,126.5234493,126.9450521,120.9929388,113.3402507,111.5875548,121.5264411,109.9940913,106.7107226,93.65686408,94.65103046,102.2392732
Bulgaria,0.5,0.5,1,1,3.661,3.357,3.378,3.125,3.4224,3.0794,3.0589,2.9946,3.3832,3.6614,2.854791781,3.9468,4.2034,6.0457,6.0647,6.0875,5.9982,6.142786379,6.119306323,6.160139962,6.137292201
BurkinaFaso,,,,,0,0,0,0,0,0,0,0,0,0,0,0,0,0,0,0,0,0,0,0,0
Burma,12,12.85123288,16.2,19,19.684,22.751,21.791,21.793,20.6863,19.6248,18.7163,17.636,16.5894,17.5829,15.6209,11.5365,11.5264,11.5399,9.544,8.5488,8.38727541,8.185948606,7.955364039,7.744838394,7.500724484
Burundi,,,,,0,0,0,0,0,0,0,0,0,0,0,0,0,0,0,0,0,0,0,0,0
CaboVerde,,,,,0,0,0,0,0,0,0,0,0,0,0,0,0,0,0,0,0,0,0,0,0
Cambodia,,,,,0,0,0,0,0,0.6,0,0,0,0,0,0,0,0,0,0,0,0,0,0,0
Cameroon,113.7763798,102.8489808,108.2087699,102.1814219,97.5957623,89.8459726,91.88719178,86.83584932,81.76153661,77.35060959,65.4585,62.12417397,63.3659,62.99956438,75.3438,98.3637,92.3527,76.32675205,69.22649452,69.59111143,72.02330056,68.66177507,66.29503775,63.99022768,61.8481447
Canada,2721.541634,2727.953578,2858.159321,3082.344611,3250.853213,3202.294014,3382.959641,3492.69277,3345.175097,3308.373718,3429.993474,3583.716571,3842.119036,4056.852488,4378.22067,4493.867162,4576.81882,4946.555156,5348.14556,5477.585795,5234.650102,5537.451003,5693.533535,5759.517833,5996.916236
CaymanIslands,,,,,0,0,0,0,0,0,0,0,0,0,0,0,0,0,0,0,0,0,0,0,0
CentralAfricanRepublic,,,,,0,0,0,0,0,0,0,0,0,0,0,0,0,0,0,0,0,0,0,0,0
Chad,,,,32.69863014,173.0737705,170,156.2465753,144,127.1639344,119.4712329,122.5205479,114.9643836,104.4836066,100,121,123,114,127.919117,131.5152395,128,122.7540984,105.5232877,109.5643836,124.0109589,127.2540984
Chile,9.035215847,10.28730137,9.35849863,8.520512329,13.62626503,12.32885753,16.94507123,15.28151781,12.55837923,12.71777671,17.7330411,18.08686712,17.19237158,15.69345616,14.10076575,12.65317397,11.01479727,11.85453425,15.18615205,18.9192411,15.91923607,15.96594636,16.764406,18.0743482,20.16308705
China,3260.871844,3290.205964,3352.296463,3358.142436,3713.200962,3856.439288,3930.162238,4028.708951,4169.733267,4196.292307,4557.519474,4616.179716,4707.142517,4840.534912,4982.802595,5103.410151,4838.198455,4688.22272,4706.352145,4825.03585,4828.245994,4964.475354,5117.647527,5261.386273,5334.335843
Colombia,688.1857923,605.9923178,580.1444575,545.3318575,538.3320301,538.6226685,542.2927178,546.5745151,603.3667109,689.3770562,804.6706658,937.4966507,973.4439721,1032.289732,1015.185547,1034.178438,914.9251536,884.3143851,892.9452643,916.4082891,812.2474289,767.5322711,784.9995885,808.0599319,803.0898015
Comoros,,,,,0,0,0,0,0,0,0,0,0,0,0,0,0,0,0,0,0,0,0,0,0
Congo-Brazzaville,265.1809262,247.5600575,238.4389699,216.8788521,224.7071011,246.4456384,278.0806986,223.4086274,239.8934918,274.536274,345.9815164,295.8984521,270.4483497,248.094526,241.0684849,245.2764,204.8003251,252.6423901,347.2824123,335.4958175,288.9654533,270.7487473,279.3481053,266.767736,254.9135289
Congo-Kinshasa,23,25,23,25,27,25,24,24,19.95765027,22,21,20.16164384,20,20,20,20,20,19,25,24,23,22,21,19,17
CookIslands,,,,,0,0,0,0,0,0,0,0,0,0,0,0,0,0,0,0,0,0,0,0,0
CostaRica,,,,,1.023,1.877,1.856,2.637,2.3118,1.2225,-0.0926,-0.0327,1.259,1.324,1.331,1.479,1.571,0,0,0,0,0.4,0.4,0.4,0.4
Coted'Ivoire,7,6,15.8630137,21,26.777,40.936,63.297,49.044,59.90072732,58.39086027,44.43487671,40.1494411,38.56130055,37.8395,36.8107,30.63850137,41.54509016,39.086376,38.04986,40.404989,37.79513737,34.10932296,31.41025113,30.54148339,41.50762923
Croatia,28.2893388,27.31292329,25.17533425,23.09253973,25.59235519,24.19738356,23.54375342,23.49542466,21.96256667,23.93752192,23.04026164,20.70625479,19.90793333,19.73326027,19.20043014,17.77737808,17.55436721,17.96093699,17.97708082,17.61460959,15.82419563,15.5021406,15.091521,14.47532742,13.65985095
Cuba,51.131,54.796,66.04,68,60.283,54.186,53.606,53.095,52.774,48.638,58.755,59.719,59.615,57.855,58.56,53.763,48.376,47.008,45.99,40.969,39.46830055,36.8296815,34.59971718,32.60660449,30.54218007
Cyprus,,,,,-0.073,0.02,0.02,0.02,0.2,0.2,0.11,0.13,0.13,0.04,0.03,0,0.01,0,0,0,0,0,0,0,0
Czechia,7.537986339,7.194528767,8.334345205,6.367178082,17.22162568,17.66733973,13.12536712,13.46951781,11.45446831,9.866409589,15.13348082,15.57843151,15.9663,13.6034,16.8684,16.11971644,14.20323333,11.8499411,10.62165205,9.575147945,10.15842295,10.46598495,9.023746551,9.070515524,8.779750723
Denmark,363.0328716,347.9965945,370.7806411,374.3164712,418.2434727,391.7668685,352.3964548,320.9687397,290.379888,263.9536849,248.9426301,224.6700452,205.5172831,179.5596671,169.1641123,161.5371753,142.364012,142.5558411,119.980359,107.1593252,76.52829436,69.46091961,70.13609906,65.03001449,65.13650013
Djibouti,,,,,0,0,0,0,0,0,0,0,0,0,0,0,0,0,0,0,0,0,0,0,0
Dominica,,,,,0,0,0,0,0,0,0,0,0,0,0,0,0,0,0,0,0,0,0,0,0
DominicanRepublic,,,,,-0.449,-0.389,-0.309,-0.392,-0.255,0.03028,-0.0348,-0.0851,-0.0834,-0.0868,-0.0296,-0.0899,-0.0872,-0.0909,-0.0919,-0.0932,-0.0881,-0.096354854,-0.095013859,-0.097246977,-0.048147851
Ecuador,404.1540683,432.7901205,393.8910137,425.6574603,529.7708825,534.6720192,538.7035918,505.6884712,507.7577022,488.5091973,489.1028767,502.1340219,507.6430792,531.0234082,561.5420575,548.3688411,552.4072295,535.9282877,522.2432662,536.3766894,484.8638239,475.6496459,483.768067,478.0209227,478.0545776
Egypt,711.2113525,701.3217205,697.9362767,714.5203178,661.5720328,641.6489753,641.0236575,658.0790329,668.9829071,680.2043288,694.9824247,702.2116438,704.8338197,707.3573836,707.0174521,717.4431644,685.4975137,711.5735258,729.812823,716.8338123,681.5823172,659.8219063,666.6487442,666.3163873,638.9573134
ElSalvador,,,,,-0.204,0.966,5.308,4.297,4.197,1.823,-0.442,-0.305,-0.254,0.003,0.003,0,0,0,0.003,0.003,0.003,0.003,0.003,0.003,0.003
EquatorialGuinea,117.6038251,193.9205479,230.2465753,292.5830658,344.2447869,380.1808712,375.7622986,363.2576329,359.203153,346.0160685,322.7103836,298.8880329,310.4,290.7972603,278,268,244,202.7787671,184.9843836,166.7671233,157.5628415,142.5616438,128.3835616,97.53792433,95.562668
Eritrea,,,,,0,0,0,0,0,0,0,0,0,0,0,0,0,0,0,0,0,0,0,0,0
Estonia,4.685806011,5.024665753,5.542539726,6.09870137,6.532748634,4.794539726,8.361690411,8.150835616,7.6,9,10,11,11,13,13,16,14,18.39184658,21.55627123,22.59188767,22.91260383,21.84374247,21.21090685,23.74252055,23.5438306
Eswatini,,,,,0,0,0,0,0,0,0.431,0.551,0.827,0.827,0.775,0.81,0.775,0,0,0,0,0,0,0,0
Ethiopia,,,,,0,0,0,0,0.1,0.1,0.1,0.1,0.1,0.167,0.211,0.296,0.354,0,0,0,0,0,0,0,0
FalklandIslands,,,,,0,0,0,0,0,0,0,0,0,0,0,0,0,0,0,0,0,0,0,0,0
FaroeIslands,,,,,0,0,0,0,0,0,0,0,0,0,0,0,0,0,0,0,0,0,0,0,0
Fiji,,,,,0,0,0,0,0,0,0,0,0,0,0,0,0,0,0,0,0,0,0,0,0
Finland,,,,,9.155,9.171,10.111,9.789,8.362,8.2552,14.7762,12.9023,14.0008,15.199,16.245,16.5121,9.3942,16.0481,16.2243,16.4589,16.0127,16.73502355,16.61781569,16.82755686,16.74570381
FormerCzechoslovakia,--,--,--,--,--,--,--,--,--,--,--,--,--,--,--,--,--,--,--,--,--,--,--,--,
FormerSerbiaandMontenegro,20,18,16,,16.412,15.58564384,--,--,--,--,--,--,--,--,--,--,--,--,--,--,--,--,--,--,--
FormerU.S.S.R.,--,--,--,--,--,--,--,--,--,--,--,--,--,--,--,--,--,--,--,--,--,--,--,--,
FormerYugoslavia,--,--,--,--,--,--,--,--,--,--,--,--,--,--,--,--,--,--,--,--,--,--,--,--,
France,43.58504098,39.9727863,37.93161096,31.14543014,80.77837705,84.82229863,80.99767671,73.44918356,75.0559,69.55148493,126.4947315,121.271837,117.8228661,119.0561397,120.9454863,122.8958329,106.204289,110.2771851,116.3632238,99.63383575,105.5583306,107.9123999,106.4817654,106.9271975,106.4006007
FrenchGuiana,,,,,0,0,0,0,0,0,0,0,0,0,0,0,0,0,0,0,0,0,0,0,0
FrenchPolynesia,,,,,0,0,0,0,0,0,0,0,0,0,0,0,0,0,0,0,0,0,0,0,0
Gabon,275.5955027,261.9416603,256.2712795,273.5582274,272.949541,269.712,241.663,245.676,247.764612,241.9547671,245.3677123,240.8784247,229.69,219.648,219.669,213.0247671,210.5246721,198.5423151,195.5246164,201.4658219,173.3358798,174.7152686,195.4868329,203.9450207,214.7126411
"Gambia,The",,,,,0,0,0,0,0,0,0,0,0,0,0,0,0,0,0,0,0,0,0,0,0
Georgia,2.188,1.976,1.478,2.794,1.926,1.311,1.251468493,1.120835616,0.9799,0.99394,1,1,1.005667,1,1,0.794802055,0.39549,0.412373973,0.372489315,0.337445753,0.31291541,0.291052699,0.271041047,0.252259908,0.237407421
Germany,85.82327049,85.53984384,91.23853425,80.7344411,147.5682978,145.7412548,157.0710164,143.9852219,152.0152672,148.3562068,205.3683,210.3131,203.2896,198.5905836,193.9047712,186.4336137,172.4824372,165.9146009,169.2988294,162.1299445,185.5801208,188.7047878,185.2229466,185.4517381,182.1831153
"Germany,East",--,--,--,--,--,--,--,--,--,--,--,--,--,--,--,--,--,--,--,--,--,--,--,--,
"Germany,West",--,--,--,--,--,--,--,--,--,--,--,--,--,--,--,--,--,--,--,--,--,--,--,--,
Ghana,7,7,7,7,8.574,7.399,7.081,7.691,7.1769,6.7683,8.314141096,77.54802877,79.08139126,98.64722877,105.5749781,102.9400644,98.92695574,151.3358274,173.2359781,200.8592507,202.0483318,186.3590626,175.2579872,176.3947426,206.2064569
Gibraltar,,,,,0,0,0,0,0,0,0,0,0,0,0,0,0,0,0,0,0,0,0,0,0
Greece,5.915300546,4.082191781,4.043287671,2.926279452,4.921729508,5.197978082,6.752106849,5.578523288,6.3828,5.709271233,9.802846575,8.707684932,10.33939891,10.21487534,10.65104384,10.61451233,13.29583115,13.11281507,15.67659863,16.0168274,13.98302077,14.51256472,14.3393126,14.56667615,14.32128588
Greenland,,,,,0,0,0,0,0,0,0,0,0,0,0,0,0,0,0,0,0,0,0,0,0
Grenada,,,,,0,0,0,0,0,0,0,0,0,0,0,0,0,0,0,0,0,0,0,0,0
Guadeloupe,,,,,0,0,0,0,0,0,0,0,0,0,0,0,0,0,0,0,0,0,0,0,0
Guam,,,,,0,0,0,0,0,0,0,0,0,0,0,0,0,0,0,0,0,0,0,0,0
Guatemala,21,21,24.74794521,24,20,18.02,17.32,17.923,18.44139197,16.54077,14.97761904,14.97336986,14.60624885,13.99899452,14.06737356,12.56789699,12.82802634,9.648205698,13.26256121,13.61860779,11.82472361,11.15616026,11.02927009,6.184003,6.216676612
Guinea,,,,,0,0,0,0,0,0,0,0,0,0,0,0,0,0,0,0,0,0,0,0,0
Guinea-Bissau,,,,,0,0,0,0,0,0,0,0,0,0,0,0,0,0,0,0,0,0,0,0,0
Guyana,,,,,0,0,0,0,0,0,0,0,0,0,0,0,0,0,0,1.273972603,74.61899071,116.9130707,289.5947367,391.3878132,617.3497268
Haiti,,,,,0,0,0,0,0,0,0,0,0,0,0,0,0,0,0,0,0,0,0,0,0
HawaiianTradeZone,--,--,--,--,--,--,--,--,--,--,--,--,--,--,--,--,--,--,--,--,--,--,--,--,
Honduras,,,,,0,0.001,0.02,0.02,0.02,0.02,0.02,0.02,0.02,0.02,0.02,0,0,0,0.02,0.02,0.02,0.02,0.02,0.02,0.02
HongKong,,,,,0,0,0,0,0,0,0.08,0.58,0.1,0.3,2.1,0.071,0.071,0.096,0.096,0.096,0.096,0.096,0.096,0.096,0.096
Hungary,38.87650273,39.16165479,37.72877534,34.17557534,39.73438525,37.76826575,37.61134247,33.06520822,37.53333497,34.6990589,34.62242329,30.72528219,33.85487158,35.3886,30.01249041,33.1453,36.66363333,38.44027808,39.73092192,39.52169589,37.04590437,39.30469505,39.27881093,40.16668301,42.79989814
Iceland,,,,,0,0,0,0,0,0,0,0,0,0,0,0,0,0,0,0,0,0,0,0,0
India,769.9690492,768.0077123,794.5258219,794.9086164,852.7867951,832.5126164,866.692589,893.5561808,889.7075311,894.4884959,964.5351904,1010.628912,1010.807724,1007.268375,1008.838959,1014.663197,1000.550856,1006.077052,985.6854096,957.0704353,905.0341221,923.3729426,936.5958797,939.033138,948.4810638
Indonesia,1447.447,1375.502,1280.288567,1175.579,1119.303,1099.906753,1035.245,984.737,1022.958552,1001.656748,1013.360741,985.2394205,957.2503279,927.056789,909.1904,861.9437438,940.9991186,893.7166397,909.4651493,916.7774795,894.6906984,858.0648493,833.668177,881.2357216,867.8677336
Iran,3759.699454,3775.024658,3509.843836,3958.739745,4143.41329,4198.72046,4260.255329,4365.406507,4177.480909,4177.604115,4271.964499,4266.265288,3594.787727,3354.36513,3486.822741,3555.551937,4438.250367,4759.400744,4528.912281,3267.087193,3005.473598,3483.968609,3683.689728,4119.775981,4626.309627
Iraq,2582.026216,2377.122556,2032.306077,1334.874737,2006.952191,1833.227753,1920.865397,2112.818759,2384.721399,2399.743096,2434.745526,2661.644384,3014.009333,3081.923562,3428.006096,4123.103822,4530.191393,4518.889932,4680.76089,4783.264863,4151.775579,4149.022058,4553.356668,4435.723687,4505.283273
Ireland,,,,,-0.153,-0.051,-0.182,-0.557,-0.413,-0.256,1.261,0.276,0.5732,0.4,0.419,0.21,0.308,0.414,0.5406,0.7704,0.7611,0.77615484,0.773742709,0.778002028,0.669676887
Israel,,,,,5.951,3.709,3.972,4.768,5.3504,5.3563,5.0783,5.1218,5.9913,5.4753,5.7155,5.2192,4.7322,5.4707,6.2118,6.6105,8.3036,8.800413885,9.719812737,20.85446084,20.67408086
Italy,77.97545628,64.16438356,84.87668493,90.39733425,148.2283087,160.7713836,158.2445151,162.4156027,162.3997486,139.6970123,166.5125795,156.7248822,151.8888131,181.0267425,175.6958712,181.3312589,142.8987634,128.7359055,143.1357808,123.5098479,152.2289339,146.7920625,131.3605891,147.4524457,124.2893626
Jamaica,,,,,1.507,1.842,4.585,4.346,5.734,6.102,1.277,2.312,2.354,2.345,2.455,-0.714,0.935,-0.721,-0.73,-0.74,-0.7,2.234555963,2.24506582,2.227294152,2.25808844
Japan,17.47213115,17.73972603,14.73150685,16.84968493,123.5726093,128.6466548,128.9546301,132.5565863,129.3512383,121.9766658,123.3259096,114.4336315,106.1802372,110.5149534,107.5159849,110.8834753,95.86183279,102.9032082,98.15822466,101.2575973,95.94649672,103.5730304,100.9494812,102.5880509,102.2518647
Jordan,,,,,-0.364,-0.259,-0.128,0.088,0.678,0.5339,0.1414,0.409,0.3596,0.2972,0.4094,0.3174,0.3085,0.3184,0.322,0.3262,0.3095,0.336632164,0.332219208,0.33956901,0.330020281
Kazakhstan,717.7861612,822.2519836,975.9779562,1080.296088,1255.01291,1297.012542,1366.632663,1420.383162,1430.716317,1540.768759,1608.09836,1636.886285,1605.00361,1657.654933,1719.022647,1750.679411,1697.516454,1879.225136,1965.466827,1965.877634,1859.555786,1863.563248,1829.3171,1957.422987,1902.994596
Kenya,,,,,-0.263,-0.161,-0.318,-0.136,-0.155,-0.144,0.3758,0.398,0.462,0.6626,0.8433,0.8325,0.8334,-0.0298,-0.0301,-0.0305,-0.0289,-0.031600244,-0.031167997,-0.031904851,-0.015793384
Kiribati,,,,,0,0,0,0,0,0,0,0,0,0,0,0,0,0,0,0,0,0,0,0,0
Kosovo,--,--,--,--,--,--,--,--,,,,,,,,,,,,,,,,,
Kuwait,1879.590164,1837.868493,1726.041096,2296.756164,2479.070246,2560.89789,2630.591918,2566.698452,2727.92291,2504.671397,2449.248959,2716.690726,2833.816355,2899.821,2891.949795,3060.352233,3163.092475,3025.003164,3058.648096,3017.175438,2734.785251,2716.895738,3022.21535,2906.367629,2776.205641
Kyrgyzstan,1.5,1.5,1.51,1.37,1.411726776,2.128484932,1.315854795,1.174980822,0.9453,1,0.966,0.9632,0.9684,0.9643,1.005456,0.9783,0.9789,3.4781,3.9778,4.6775,4.7787,5.276728545,5.903028432,6.176487997,5.934123846
Laos,,,,,0,0,0,0,0,0,0,0,0,0,0,0,0,0,0,0,0,0,0,0,0
Latvia,,,,,0.2,0.3,0.3,0.5,0.9,1.2,1.186,1.229,1.9,1.429,1.581,1.249,0.922,1.595,1.595,1.595,1.595,1.595,1.595,1.595,1.595
Lebanon,,,,,0,0,0,0,0,0,0,0,0,0,0,0,0,0,0,0,0,0,0,0,0
Lesotho,,,,,0,0,0,0,0,0,0,0,0,0,0,0,0,0,0,0,0,0,0,0,0
Liberia,,,,,0,0,0,0,0,0,0,0,0,0,0,0,0,0,0,0,0,0,0,0,0
Libya,1471.29235,1424.616438,1376.136986,1482.657534,1608.941388,1720.599658,1819.508342,1824.155,1941.498333,1845.09431,1845.073,521.8751644,1547.751426,1046.092949,576.1498082,492.9736027,478.7167923,912.880411,1045.936904,1192.635233,417.0947705,1251.737044,1076.834582,1244.349453,1182.227848
Lithuania,,,,,11.411,9.833,8.375,7.619,9.8238,8.7729,9.1888,8.4324,8.7439,8.7847,8.3903,8.6091,8.2037,8.6949,8.8007,8.7603,8.5016,8.920446428,8.85251954,8.973922898,8.881956364
Luxembourg,,,,,0,0,0,0,0,0,0,0,0,0,0,0,0,0,0,0,0,0,0,0,0
Macau,,,,,0,0,0,0,0,0,0,0,0,0,0,0,0,0,0,0,0,0,0,0,0
Madagascar,,,,,0.092,0.085,0,0,0,0,0,0,0,0,0,0,0,0,0,0,0,0,0,0,0
Malawi,,,,,0.2,0.2,0.2,0.2,0.2,0.2,0.327,0.345,0.345,0.345,0.345,0.431,0.517,0,0,0,0,0,0,0,0
Malaysia,711.2865246,756.149263,804.4620849,780.9543233,803.5842295,790.8508356,749.6182192,751.7961781,756.237041,713.9201014,729.182574,663.0959712,667.9346202,635.9770274,662.4135575,711.1811521,746.4968355,754.2847926,753.6529097,711.4266623,655.542492,608.6511466,602.6175687,597.1912496,570.6191442
Maldives,,,,,0,0,0,0,0,0,0,0,0,0,0,0,0,0,0,0,0,0,0,0,0
Mali,,,,,0,0,0,0,0,0,0,0,0,0,0,0,0,0,0,0,0,0,0,0,0
Malta,,,,,0,0.04,0.04,0.02,0.02,0.02,0,0,0,0,0,0,0,0,0,0,0,0,0,0,0
Martinique,,,,,-0.09,-0.078,-0.097,-0.081,-0.0844,-0.215,-0.207,-0.22,-0.225,-0.229,-0.25,-0.247,-0.24,-0.25,-0.253,-0.256,-0.242,-0.264824078,-0.260991531,-0.267135409,-0.233549626
Mauritania,,,,,0,0,31.21369863,15.98630137,12.83333333,11.24521918,8.232232877,7.737641096,6.577076503,6.750410959,6.003005479,5.246575342,4.836065574,0,0,0,0,0,0,0,0
Mauritius,,,,,0,0,0,0,0,0,0.517,0.482,0.431,0.414,0.603,0.517,0.517,0,0,0,0,0,0,0,0
Mexico,3452.022484,3565.17891,3592.43317,3795.008592,3854.869399,3789.621244,3716.271151,3506.839915,3185.621225,2996.855584,2974.818644,2955.386274,2934.982157,2907.736407,2813.745173,2615.571618,2478.10068,2245.236012,2074.197923,1918.370701,1946.186339,1969.014066,2030.006079,2119.326228,2010.520281
Micronesia,,,,,,,,,,,,,,,,,,,,,,,,,
Moldova,,,,,0,0,0,0,0,0,0,0,0,0,0,0,0,0,0,0,0,0,0,0,0
Mongolia,0.18,0.2,0.38,0.5,0.598,0.54,1.04,2.32,3.208,5.123,5.976,6.98329589,9.934508197,14.05149589,20.28802466,23.1765589,23.42622951,20,19.40886027,18.4625726,17.56216667,16.70334795,15.88785753,15.11177534,14.37468033
Montenegro,--,--,--,--,--,--,0,0,0,0,0,0,0,0,0,0,0,0,0,0,0,0,0,0,0
Montserrat,,,,,0,0,0,0,0,0,0,0,0,0,0,0,0,0,0,0,0,0,0,0,0
Morocco,0.279,0.216,0.13,,3.446,-1.05,-1.247,-1.342,-0.566,-0.48,-0.613,-1.55,-0.781,-0.526,0.0836,0.5586,0.16,0.025,0.1,0.07,0.05,0.025,0.025,0.025,0.025
Mozambique,,,,,0,0,0,0,0,0.02,0,0,0.02,0.03,0.04,0.16,0.282,0,0,0,0,0,0,0,0
Namibia,,,,,0,0,0,0,0,0,0,0,0,0,0,0,0,0,0,0,0,0,0,0,0
Nauru,,,,,0,0,0,0,0,0,0,0,0,0,0,0,0,0,0,0,0,0,0,0,0
Nepal,,,,,0,0,0,0,0,0,0,0,0,0,0,0,0,0,0,0,0,0,0,0,0
Netherlands,48.51147541,47.40273973,62.93424658,62.50713973,93.95732787,81.52683014,74.56816986,86.27229315,68.70740328,61.08569452,60.35758904,68.00412603,83.55896776,78.51276575,90.76992055,85.84010959,62.12827416,66.79251454,65.57223874,71.46230758,90.77545185,91.85766304,88.15182202,85.47000358,81.88775869
NetherlandsAntilles,,,,,-0.029,-0.585,-0.738,0.531,0.634,-0.356,1.4944,0.8574,0.7974,-0.171,0.5589,0.7188,0.6971,0.7261,0.7347,0.7451,0.7044,0.770369905,0.759679481,0.777562806,0.739174039
NewCaledonia,,,,,0,0,0,0,0,0,0,0,0,0,0,0,0,0,0,0,0,0,0,0,0
NewZealand,44.57377049,41.16164384,38.48219178,29.57539178,29.35882514,27.0453863,26.32965205,48.03253425,65.15497268,60.60117534,64.49013014,57.4224,52.43822896,47.32039315,51.16696849,53.89129726,45.64677268,26.84800959,25.82258082,22.25721918,19.57055738,19.737544,18.12561037,19.66270362,18.67479838
Nicaragua,,,,,-0.436,-0.367,-0.412,-0.377,0.587,0.663,-0.161,-0.05,0.038,0.012,0.016,-0.196,-0.018,-0.198,-0.001,-0.003,0.008,-0.009983554,-0.00706766,-0.011942158,-0.005359989
Niger,,,,,0,0,0,0,0,0,0,6.747508767,20.3562,20.4775,20.4552,14.3854,13.3738,16.3893,15.3939,15.3995,14.3776,14.41298702,13.40723307,13.4168196,30.97709626
Nigeria,2160.106557,2222.712329,2115.775342,2285.761745,2485.725803,2549.026575,2423.036504,2305.446915,2168.724991,2211.658888,2461.650497,2527.378885,2510.85429,2361.259708,2405.432482,2234.319793,1937.502927,2019.198264,1977.490931,2009.66278,1854.050759,1601.047696,1369.920442,1517.096572,1562.74503
Niue,,,,,0,0,0,0,0,0,0,0,0,0,0,0,0,0,0,0,0,0,0,0,0
NorthKorea,,,,,0.141,0.121,0.093,0.118,0.118,0.07787,0.1163,0.1104,0.1093,0.1155,0.1068,0.1062,0.103,0.1073,0.1086,0.1109,0.1049,0.114713894,0.113132279,0.115795522,0.10778398
NorthMacedonia,,,,,-0.078,-0.045,-0.044,-0.066,-0.093,-0.125,0.023,0.0182,0.0776,0.11008,0.1407795,0.231,0.236,0,0,0,0,0,0,0,0
NorthernMarianaIslands,,,,,,,,,,,,,,,,,,,,,,,,,
Norway,3330.786281,3402.935934,3321.884479,3252.520425,3188.236522,2971.795775,2782.334926,2560.181753,2464.243686,2351.450164,2142.165977,2046.474723,1922.146316,1842.196047,1892.672867,1952.356778,1999.399925,1974.959595,1858.066225,1742.762586,2007.167076,2030.847538,1906.927771,2024.711694,2006.874098
Oman,957.9021858,958.7784932,900.0052329,821.6695068,782.2203224,774.9883288,738.225389,711.0854658,759.8234344,818.7361616,869.3799342,891.3768123,924.3659087,944.9417781,951.4898411,989.4494397,1012.471485,978.946526,987.3099712,979.9821822,958.2885962,980.2050718,1072.620631,1057.327353,1001.969729
Pakistan,57.581,63.522,64.238,65,69.592,87.48959178,91.8819863,93.25757534,68.10857923,66.86328082,69.15895047,70.3912,75.3825,85.3208,98.3536,93.29669863,88.60573224,105.7286164,106.6526027,102.0420822,91.21889617,93.00281046,87.74582486,90.01555007,82.81324171
PalestinianTerritories,,,,,0,0,0,0,0,0,0,0,0,0,0,0,0,0,0,0,0,0,0,0,0
Panama,,,,,0,0,0,0,0,0,0,0,0,0.305,0.685,0.262,0.446,0,0,0,0,0,0,0,0
PapuaNewGuinea,64,60,48.29315068,48.81643836,42.1777377,53.71341096,48.75189041,38.6810137,41.45779126,39.68464521,30.93462055,29.29094384,27.44390109,30.54651644,49.38694466,57.56572986,56.05422328,50.48460452,35.67905671,35.42040863,39.42110005,37.04328033,34.44437573,32.13987559,29.97304682
Paraguay,,,,,0.091,0.627,0.8,1.1,1.7,2.2,2.45,2.639,2.945,3.313,3.571,4.837,4.687,5.697,6.893,8.97,8.97,2,2,2,2.030789083
Peru,104.0065082,102.1205479,98.00245479,100.3496329,98.77430328,117.1681342,124.0445315,118.6269808,121.7413781,148.5431068,159.6031027,158.1080178,158.9781563,173.557037,178.4417699,154.680563,141.2245011,140.5058562,139.8882616,145.4749962,130.2249077,125.355086,123.0119828,120.9813689,124.6285886
Philippines,0.938961749,11.4369863,13.72743288,15,13.307,17.771,17.287,18.767,27.15489454,39.2305,37.2208,38.4173,35.0211,40.7287,44.7374,34.73208767,31.9472,16.5462,15.5966,14.6575,14.40161585,14.75796592,14.667397,14.74427009,14.69778851
Poland,14.53281421,17.39451781,16.49855616,15.26204384,34.42953279,33.15811781,31.84810137,32.14916712,36.02247432,33.66829041,31.59106849,31.97370411,29.97808197,36.31838082,35.02061644,34.21433425,31.87409727,31.69185205,41.21070959,40.31052329,38.88030929,35.82006107,32.98132232,33.62774207,37.42124329
Portugal,,,,,3.849,4.052,5.252657534,5.494605479,7.323098361,4.8217,10.1438,10.8888,8.6861,10.9772,11.0044,10.8307,10.57999178,11.5062148,11.49170471,11.176501,11.9508,12.31683968,12.25747398,12.36219226,12.36318235
PuertoRico,,,,,1.354,1.349,0.085,1.328,0.663,0.538,0,0,0,0,0,0,0,0,0,0,0,0,0,0,0
Qatar,860.147541,881.0273973,868.7808219,1041.342466,1184.380087,1227.50663,1284.368288,1332.485329,1484.22012,1474.722659,1676.322333,1821.894988,2013.384416,2008.983729,1919.694196,1862.594523,1845.053294,1791.868903,1821.307067,1744.521236,1766.367796,1800.732177,1803.786468,1825.601026,1870.370058
Reunion,,,,,0,0,0,0,0,0,0,0,0,0,0,0,0,0,0,0,0,0,0,0,0
Romania,131.2336175,131.1437836,127.6180082,123.3583918,129.4658279,124.6364274,117.4862411,119.8139562,116.4718066,111.0113041,104.745863,104.4472397,100.3993863,102.5685247,102.3820712,99.72509452,93.41093607,89.43484658,88.44024384,88.36676027,86.06804208,84.27445913,80.1453084,77.48189434,73.37162753
Russia,6526.82909,7060.512216,7741.053973,8581.191011,9386.922847,9646.974775,9733.762647,10037.74336,9874.280672,10047.46384,10288.29318,10408.9233,10596.19849,10765.58755,10853.31777,11034.93989,11244.6453,11230.70862,11384.51933,11473.70715,10495.99738,10776.71789,10978.2584,10906.81138,10533.2436
Rwanda,,,,,0,0,0,0,0,0.01,0,0,0,0,0,0,0,0,0,0,0,0,0,0,0
SaintHelena,,,,,0,0,0,0,0,0,0,0,0,0,0,0,0,0,0,0,0,0,0,0,0
SaintKittsandNevis,,,,,0,0,0,0,0,0,0,0,0,0,0,0,0,0,0,0,0,0,0,0,0
SaintLucia,,,,,0,0,0,0,0,0,0,0,0,0,0,0,0,0,0,0,0,0,0,0,0
SaintPierreandMiquelon,,,,,0,0,0,0,0,0,0,0,0,0,0,0,0,0,0,0,0,0,0,0,0
SaintVincent/Grenadines,,,,,0,0,0,0,0,0,0,0,0,0,0,0,0,0,0,0,0,0,0,0,0
Samoa,,,,,0,0,0,0,0,0,0,0,0,0,0,0,0,0,0,0,0,0,0,0,0
SaoTomeandPrincipe,,,,,0,0,0,0,0,0,0,0,0,0,0,0,0,0,0,0,0,0,0,0,0
SaudiArabia,9068.011066,8798.454753,8557.356726,10259.16575,10365.04312,10932.96093,10773.04936,10304.24986,11428.34133,10314.09165,9748.230344,11017.79516,11490.27136,11272.06727,11334.20971,11763.09706,12170.17616,11832.44237,12211.91229,11536.68564,10901.66687,10762.8311,12134.80663,11207.34925,10714.99183
Senegal,,,,,-0.059,-0.039,-0.013,-0.065,-0.0777,-0.0277,0.03312,0.01309,-0.0542,-0.0341,-0.0226,-0.0248,-0.0241,-0.0251,-0.0254,-0.0265,-0.0251,-0.027406808,-0.027069783,-0.027704317,36.36619802
Serbia,--,--,--,--,--,--,16.948,16.857,18.4502,19.7901,22.0376,19.64022192,18.06906776,19.99129041,19.39345616,22.99586712,22.6169,19.6839,18.704,18.7282,17.93594153,16.98596496,15.9315541,15.01653831,14.10278357
Seychelles,,,,,0,0,0,0,0,0,0,0,0,0,0,0,0,0,0,0,0,0,0,0,0
SierraLeone,,,,,0.001,0.003,0.029,0.025,0.03165,0,0,0,0,0,0,0,0,0,0,0,0,0,0,0,0
Singapore,,,,,9.836,8.573,9.967,11.608,22.668,17.9403,20.2729,31.2596,35.8818,31.8839,35.9443,30.9931,31.6106,19.0121,19.2382,19.5112,18.444,20.17173396,19.89143716,20.35969443,20.35581594
Slovakia,1.169628415,1.266260274,6.466271233,4.213789041,8.222789617,8.19969863,8.030276712,7.484356164,10.50206885,7.054424658,12.135,9.9877,8.9624,10.9507,10.6264,11.7328,11.8556,9.46889726,6.582420548,5.751160274,5.908251913,6.362878431,6.994426299,9.477380232,7.403998198
Slovenia,,,,,0.006,0.105,0.105,0.105,0.165,0.145,0.375,0.015,0.025,0.035,0.005,0.005,0.005,0,0,0,0,0.004136986,0,0,0
SolomonIslands,,,,,0,0,0,0,0,0,0,0,0,0,0,0,0,0,0,0,0,0,0,0,0
Somalia,,,,,0,0,0,0,0,0,0,0,0,0,0,0,0,0,0,0,0,0,0,0,0
SouthAfrica,199,194,205.8573973,191.9303096,234.1745847,223.2925726,220.0843452,214.1157507,193.1401667,180.7872,178.2618507,179.4813,177.5768683,177.8341219,161.0005,120.8933,115.5072,119.3688,114.8802082,117.5918521,100.3820765,100.2506606,93.32704205,101.6763827,92.05232286
SouthKorea,13.00002186,11.61633973,10.60544658,10.13697534,16.97824317,16.87824932,20.39576164,29.45209041,40.36242022,50.04598904,52.63819863,53.00778767,64.63666612,65.07630548,73.43124247,81.51286438,79.84897541,88.31676301,93.58673699,96.89979452,99.00587541,108.1517118,108.238793,108.9482474,113.2463542
SouthSudan,--,--,--,--,--,--,--,--,--,--,--,--,22.81160656,115.7700027,147.7629151,152.6388027,152.4590164,150.1247658,155.7925489,157.1103015,162.5308585,157.122142,155.1095863,146.210147,78.90710383
Spain,4.666666667,6.931506849,6.410958904,6.56449589,37.07315301,37.84040274,38.10434521,28.35782466,26.54206667,26.1000863,50.44230274,47.44892329,47.93823224,64.8023863,64.23621507,62.52895479,60.42126667,76.81724932,76.44170411,76.43326712,74.60522787,76.7030938,76.19299686,76.91276342,76.94727608
SriLanka,,,,,-0.508,-0.554,-0.424,-0.637,-0.579,-0.535,-0.468,-0.268,-0.455,-0.526,-0.341,-0.248,-0.241,-0.251,-0.254,-0.257,-0.243,-0.265851189,-0.262070008,-0.268239286,-0.234097982
Sudan,176.6754098,207.9217973,240.7800438,265.1232877,303.7852842,307.8839452,348.3004712,479.1379644,479.7476464,485.6588548,488.1421397,454.814674,94.48378087,136.2332397,116.0149384,110.5108342,107.3055847,104.075646,69.05250314,71.62329834,65.26778269,63.38777145,66.68771719,69.85359433,39.3162129
Suriname,10,10,10,11,10.461,11.439,12.419,13.425,15.29010383,15.497,14.925,15.636,15.51233333,14.622,14.795,15.536,15.55,15.531,15.525,15.519,15.0727623,14.27260384,13.55809826,13.23233265,12.52645866
Sweden,,,,,4.608,3.95,5.27,7.272,8.9956,10.5588,10.3125,10.3305,10.253,8.8059,11.5354,12.6139,12.5772,16.5955,14.5223,13.2469,13.1019,13.3366516,13.29855652,13.36582846,13.92670136
Switzerland,,,,,3.361,3.322,3.955,3.504,3.6055,3.3688,3.117,2.994,2.4974,3.0225,2.9982,1.8899,1.1427,1.2755,1.3344,1.1922,1.1408,1.224109863,1.21062919,1.234401757,1.219382424
Syria,572.519,612.5796027,676.6782466,651.575,483.988,444.63,418.721,400.964,402.624,398.492,381.188,349.3673973,168.2713497,57.88941096,30.91493151,24.9527589,23.64849727,24.383,30.76847945,37.34,54.4583224,79.08665331,93.83623608,62.79974747,61.68931389
Taiwan,1,1,0.882309589,0.788558904,10.56285519,15.71919452,20.704,26.283,15.5049,24.7877,23.6187,20.1726,22.6993,25.8934,25.4352,23.6072,22.2658,23.7574,24.0301,24.3594,23.0721,25.15603805,24.81791608,25.38270127,25.38077854
Tajikistan,0.4,0.326,0.309,0.352,0.355,0.334512329,0.302936986,0.276356164,0.238120169,0.222320521,0.219246,0.21909,0.191845902,0.192,0.19821,0.176186438,0.17474,0.31052,0.31045,0.31037,0.31068,0.310181464,0.3102625,0.31110982,0.313093567
Tanzania,,,,,0,0,0,0,0,0.01,0,0,0,0,0,0,0,0,0,0,0,0,0,0,0
Thailand,194.0845929,205.9136712,222.5673041,234.9849945,251.5075902,308.6528411,342.8583233,360.5519534,387.1779623,410.7629836,420.153663,445.0469096,485.4705628,492.7751836,493.0398425,514.380763,524.6818902,536.3401732,519.5000699,525.0202082,488.6319186,460.5980474,420.9598678,408.6611636,417.9593812
TheBahamas,,,,,0,0,0,0,0,0,0,0,0,0,0,0,0,0,0,0,0,0,0,0,0
Timor-Leste,--,--,--,,47.91544536,89,107,93,102,98,88,100,108,70,45,45,30,21,15,23,14,12,10,5,2
Togo,,,,,0,0,0,0,0,0,0,0,0,0,0,0,0,0,0,0,0,0,0,0,0
Tonga,,,,,0,0,0,0,0,0,0,0,0,0,0,0,0,0,0,0,0,0,0,0,0
TrinidadandTobago,138.0474481,133.9970712,153.9327068,163.4553178,151.017377,170.5047863,180.1523315,156.6285918,157.1349208,156.3638575,148.7203,141.9062493,121.1842541,118.5260767,115.0590658,109.3333699,97.22859508,99.28320685,87.97980267,82.81268297,76.62429173,81.62328915,78.75860794,72.72641576,71.57176736
Tunisia,78,73.25,76,68,71.905,72.748,70.802,97.584,85.50711202,81.0108137,78.86956027,67.14014247,65.82928689,63.72494521,53.19926027,39.716,41.725,42.41320548,40.38802192,37.70013796,34.79866393,42.0223862,36.44648465,34.39829523,30.64956822
Turkiye,,,,45.28488493,43.74744262,45.7925863,44.49109589,45.93872603,48.43869945,53.60037945,55.5984863,54.6154863,55.9519306,55.56913562,55.67153288,61.16018904,62.81476776,65.38740274,70.33597945,75.12263562,78.42659945,84.39849594,86.92746085,97.12681298,119.8253437
Turkmenistan,158.1885246,176.6561644,189.1766986,219,219.864,210.843,186.74,205.184,189.3307628,197.5531192,215.5852471,225.4430959,246.2273104,255.7982119,263.1664541,277.8971932,265.5220885,270.1240067,269.1559362,251.5153767,240.0108465,252.7299807,255.0183787,274.6796156,274.6535279
TurksandCaicosIslands,,,,,0,0,0,0,0,0,0,0,0,0,0,0,0,0,0,0,0,0,0,0,0
Tuvalu,,,,,,,,,,,,,,,,,,,,,,,,,
U.S.PacificIslands,,,,,0,0,0,0,0,0,0,0,0,0,0,0,0,0,0,0,0,0,0,0,0
U.S.Territories,,,,,,,,,,,,,,,,,,,,,,,,,
U.S.VirginIslands,,,,,17.619,17.579,17.623,16.868,16.645,16.767,14.396,16.553,8.085,0,0,0,0,0,0,0,0,0,0,0,0
Uganda,,,,,0,0,0,0,0,0,0,0,0,0,0,0,0,0,0,0,0,0,0,0,0
Ukraine,81.559,82.123,82.859,86.612,95.406,97.962,105.937,106.422,99.08491148,92.63980411,82.40674247,78.42943562,79.82397213,73.53974247,64.75313562,59.9418137,56.56303716,55.81204384,58.3823274,62.04572192,61.17640765,61.54828776,18.31768793,7.245311526,7.216916311
UnitedArabEmirates,2622.368852,2574.832877,2405.671233,2749.794521,2849.326623,3003.585562,3157.797397,3061.372781,3045.977727,2793.8243,2813.4896,3214.290482,3398.917857,3439.4606,3541.929381,3676.067055,3767.794573,3723.650682,3786.239652,4130.048391,3780.36621,3785.883804,4236.766646,4162.79176,4170.918068
UnitedKingdom,2694.430762,2493.054751,2482.390093,2279.138989,2104.998451,1902.437425,1730.465329,1721.902863,1588.066717,1501.512371,1403.547026,1159.027162,998.7935022,921.9277836,910.3523575,1009.158893,1066.117869,1053.258559,1155.123572,1180.154949,1098.538994,936.6197862,883.0518833,798.0975717,736.6266779
UnitedStates,9057.994535,8957.117806,8998.361644,8765.684932,8722.338803,8327.13611,8314.319586,8466.31946,8563.531694,9136.949258,9698.113063,10150.896,11142.5373,12395.42778,14157.7321,15154.8766,14849.86079,15673.33166,17909.764,19471.1992,18609.48106,19035.74442,20382.60356,21972.72996,22716.46803
Uruguay,,,,,0.936,0.976,1.037,0.963,0.9622,0.6808,1.1993,1.3558,1.541,1.9044,2.1041,1.894,1.8991,1.946,1.9649,2.0281,1.9718,1.462850842,1.448064337,1.472736416,1.43700352
Uzbekistan,174.648,167.717,165.512,154,218.007,165.8042466,156.658137,145.495,143.8214,118.6835301,76.4605,72.3024,64.407,61.2992,67.2519,67.2081,63.1717,47.24710822,44.15024932,41.33179863,39.18538743,37.52362759,62.11648328,65.67450766,64.05874002
Vanuatu,,,,,0,0,0,0,0,0,0,0,0,0,0,0,0,0,0,0,0,0,0,0,0
Venezuela,3219.684219,3141.595633,2751.781992,2505.728479,2837.13656,3113.441827,3037.206142,3014.424888,2700.9988,2708.232,2597.7774,2682.4397,2683.969,2682.5822,2684.0398,2577.454145,2330.189591,2066.046795,1539.316118,927.7052712,552.8571579,613.9243055,742.6469669,809.707899,902.6509875
Vietnam,333.295235,346.7256438,347.1069041,359.9760521,380.8991858,371.0564027,365.7438,323.1175671,311.7459016,342.2682918,311.9472507,315.1115671,344.2301481,346.7900123,318.8594973,369.4459959,336.5525268,288.2434813,257.1890327,240.2055503,214.5045465,206.0466713,201.0471883,194.9357055,188.0812197
WakeIsland,,,,,0,0,0,0,0,0,0,0,0,0,0,0,0,0,0,0,0,0,0,0,0
WesternSahara,,,,,0,0,0,0,0,0,0,0,0,0,0,0,0,0,0,0,0,0,0,0,0
Yemen,449.5018333,452.7299726,457.341189,450.8732274,447.3929153,445.3982274,420.431263,368.6993315,337.7846492,325.2657959,326.627526,230.7519575,186.2466415,203.9996904,156.2527338,35.60324658,18.4907918,32.2295,47.2322,62.73284247,58.49828306,57.09958304,48.80467181,15.24572047,15.22285742
Zambia,,,,,0.15,0.159,0.159,0.19,0.1343,0.1229,0.1443,0.1522,0.1611,0.1271,0.145,0.1318,0.1278,0.1331,0.1347,0.1366,0.1292,0.141299013,0.13933928,0.142619402,0.121199197
Zimbabwe,,,,,0,0,0,0,0.04,0.06,0,0,0.12,0.039,0.681,0.724,0.819,0.8,0.8,0.8,0.8,0.8,0.8,0.8,0.8