Country,2000,2001,2002,2003,2004,2005,2006,2007,2008,2009,2010,2011,2012,2013,2014,2015,2016,2017,2018,2019,2020
World,38292.04,37834.404,37046.475,39272.271,42181.621,43044.94,42758.848,42961.73,42394.316,40613.107,41114.972,41822.211,41930.047,41167.84,40639.786,42275.206,45375.735,45690.86,46656.13,,
Afghanistan,0.006,0.082,2.024,3.966,0.597,0,0,0,0.004,0,0,0,0,0,0,0,0,0,0,,
Albania,0,0,0,0,0,0,1.139,2.73,3.273,6.112,9.005,12.603,17.305,21.102,19.113,17.847,15.998,8.816,10.532,,
Algeria,449.359,427.113,535.046,723.86,893.2,967.61,947.24,1085.003,942.283,835.547,804.54,844.35,760.19,666.68,580.739,598.1,695.007,656.203,633.519,,
American Samoa,0,0,0,0,0,0,0,0,0,0,0,0,0,0,0,0,0,0,0,,
Angola,748.6,693.9,849.3,823,940.9,1113.971,1262.84,1591.176,1634.82,1770.41,1710.69,1585.429,1663.25,1677.064,1632.16,1745.524,1658.258,1517.708,1367.399,,
Antarctica,0,0,0,0,0,0,0,0,0,0,0,0,0,0,0,0,0,0,0,,
Antigua and Barbuda,0,0,0,0,0,0,0,0,0,0,0,0,0,0,0,0,0,0,0,,
Argentina,277.953,288.058,266.834,224.407,175.815,149.286,87.683,56.999,60.2,91.292,55.809,60.48,70.21,48.65,48.51,42.44,45.366,28.89,59.067,,
Armenia,0,0,0,0,0,0,0,0,0,0,0,0,0,0,0,0,0,0,0,,
Aruba,1.012,0.97,0.235,1.088,1.94,1.652,1.364,1.561,1.757,0.983,0.571,3.207,0.004,0,3.128,3.892,0,0,0,,
Australia,308.855,392.145,386.228,314.103,261.232,229.964,189.984,236.203,234.672,252.458,275.84,299.363,262.199,236.547,224.109,230.267,215.426,195.82,197.718,266.401,251.824
Austria,1.228,1.272,0,0,0,0,0,0,0,0,0,0,0,0,0,0,0,0,0,0,0
Azerbaijan,112.76,169.24,177.62,179.94,180.96,285.92,496.4,695.6,737.16,886.64,853.18,745.36,694.56,692.083,697.4,674.611,716.011,684.248,679.86,,
Bahrain,1.406,1.469,0.682,1.636,150.405,150.536,148.468,147.986,149.043,152.203,151.098,150.114,133.162,142.985,154.492,149.673,0,0,0,,
Bangladesh,0,0,0,0,0,0,0,0,0,0,0,0,0,0,0,0,0,0,0,,
Barbados,0.21,0.173,0.219,0.174,0.173,0.174,0.137,0.126,0.108,0.105,0.116,0.109,0.103,0.094,0.079,0.092,0.683,0.685,0.685,,
Belarus,7.03,8.053,12.069,16.086,21.049,27.031,22.854,17.09,29.1,34.461,32.439,33.658,32.945,32.513,32.473,32.433,31.686,31.851,32.224,,
Belgium,0,0,0,0,0,0,0,0,0,0,0,0,0,0,0,0,0,0,0,0,0
Belize,0,0,0,0,0,0,2.261,2.895,3.455,3.865,4.151,3.863,2.644,2.025,1.781,1.225,1.208,1.211,1.211,,
Benin,0.701,0,0,0,0,0,0,0,0,0,0,0,0,0,0,0,0,0,0,,
Bermuda,0,0,0,0,0,0,0,0,0,0,0,0,0,0,0,0,0,0,0,,
Bhutan,0,0,0,0,0,0,0,0,0,0,0,0,0,0,0,0,0,0,0,,
Bolivia,1.555,2.53,1.827,2.671,4.827,4.358,4.097,2.791,4.767,4.328,7.132,7.079,10.277,7.089,9.097,4.4,0,0,0,,
Bosnia and Herzegovina,0,0,0,0,0,0,0,0,0,0,0,0,0,0,0,0,0,0,0,,
Botswana,0,0,0,0,0.001,0.001,0.001,0,0.003,0.001,0.001,0.001,0.001,0,0.003,0.01,0,0,0,,
Brazil,18.687,110.821,235.075,241.881,245.575,274.522,368.057,421.492,433.271,525.896,631.785,604.8,533.609,397.322,519.15,737.083,844.925,996.569,1123.314,,
British Virgin Islands,0,0,0,0,0,0,0,0,0,0,0,0,0,0,0,0,0,0,0,,
Brunei,182.615,181.469,191.504,196.008,188.105,198.1,198.22,171.414,164.134,142.054,147.645,135.539,139.158,117.078,107.828,115.892,116.824,111.173,103.08,,
Bulgaria,0,0,0,0,0,0,0,0,0,0,0,0,0,0,0,0,0,0,0,,
Burkina Faso,0,0,0,0,0,0,0,0,0,0,0,0,0,0,0,0,0,0,0,,
Burma,1.843,3.314,5.563,0.623,3.589,3.279,2.239,2.846,1.491,1.888,1.29,0.937,2.838,2.899,2.94,1.906,2.787,4.852,4.697,,
Burundi,0,0,0,0,0,0,0,0,0,0,0,0,0,0,0,0,0,0,0,,
Cabo Verde,0,0,0,0,0,0,0,0,0,0,0,0,0,0,0,0,0,0,0,,
Cambodia,0,0,0,0,0,0,0,0,0,0,0,0,0,0,0,0,0,0,0,,
Cameroon,112.93,107.696,101.651,97.918,91.814,82.115,88.989,77.552,75.577,63.942,55.724,53.295,56.198,65.147,75.814,96.436,83.112,68.575,62.16,,
Canada,1179.705,1147.782,1153.96,1231.557,1355.474,1501.36,1588.225,1486.095,1553.273,1514.727,1590.305,1807.972,1932.656,2217.603,2381.843,2487.123,2907.293,2921.65,3176.975,3194.766,3016.996
Cayman Islands,0,0,0,0,0,0,0,0,0,0,0,0,0,0,0,0,0,0,0,,
Central African Republic,0,0,0,0,0,0,0,0,0,0,0,0,0,0,0,0,0,0,0,,
Chad,0,0,0.002,1.432,97.921,101.476,110.828,106.465,109.565,101.958,92.394,98.335,69.157,79.195,67.803,115.68,115.683,102,116,,
Chile,0,0,0,0,0,0,0,0,0,0,0,0,0,0,0,0,0,0,0,0,1.041
China,206.402,151.621,153.93,163.328,109.99,162.003,127.261,77.999,84.876,101.877,60.849,50.487,48.706,32.473,12.049,57.556,58.651,97.214,52.532,,
Colombia,393.987,303.609,293.932,237.001,222.572,237.309,229.215,239.038,309.3,408.67,537.569,678.17,705.417,817.28,842.038,849.78,624.699,533.059,481.317,,
Comoros,0,0,0,0,0,0,0,0,0,0,0,0,0,0,0,0,0,0,0,,
Congo-Brazzaville,249.395,225.391,218.836,197.108,207.281,227.9,257.642,206.698,222.94,261.552,291.47,264.276,250.62,224.691,226.364,221.364,190.354,235.221,331.691,,
Congo-Kinshasa,23.785,24.427,23.685,25.79,27.936,25.45,25.289,24.367,22.842,22.241,22.241,24.166,24.006,22.642,21.278,21.017,21.22,24.025,21.278,,
Cook Islands,0,0,0,0,0,0,0,0,0,0,0,0,0,0,0,0,0,0,0,,
Costa Rica,0,0,0,0,0,0,0,0,0,0,0,0,0,0,0,0,0,0,0,,
Cote d'Ivoire,6.771,4.833,6.571,23.648,25.525,39.765,59.898,47.934,41.463,43.221,38.367,32.416,28.621,24.646,17.736,26.723,29.458,37.323,30.217,,
Croatia,0.712,0,0,0,0,0,0,0,0,0,0,0,0,0,0,0,0,0,0,,
Cuba,2.651,0,0.073,0,0,0,1.158,1.192,1.133,1.97,1.345,0,0,0,0,0,0,0,0,,
Cyprus,0,0,0,0,0,0,0,0,0,0,0,0,0,0,0,0,0,0,0,,
Czechia,2.235,2.403,2.827,2.686,1.289,1.171,0.848,0.343,0.403,0.424,0.404,0.384,0.423,0.505,0.545,0.565,0.565,0.485,0.444,0,0
Denmark,269.73,240.928,277.173,269.601,300.841,275.153,233.579,189.843,174.303,172.781,155.517,146.895,122.008,124.482,96.9,91.327,78.284,82.746,56.719,46.691,23.452
Djibouti,0,0,0,0,0,0,0,0,0,0,0,0,0,0,0,0,0,0,0,,
Dominica,0,0,0,0,0,0,0,0,0,0,0,0,0,0,0,0,0,0,0,,
Dominican Republic,0,0,0,0,0,0,0,0,0,0,0,0,0,0,0,0,0,0,0,,
Ecuador,239.208,244.29,235.7,258.58,337.531,361,373,347.128,356.35,334.429,348.152,340.51,357.67,396.26,432.61,440.598,362.741,349.485,349.447,,
Egypt,220,138.101,140.208,99.907,37.588,57.475,52.334,96.5,102.139,123.778,187.726,198.745,189.556,233.752,241.887,257.968,225.845,209.904,204.119,,
El Salvador,0,0,0,0,0,0,0,0,0,0,0,0,0,0,0,0,0,0,0,,
Equatorial Guinea,106.648,179.739,199.178,221.716,315.33,347.464,336.186,330.861,339.295,295.463,254.118,238.945,267.1,248.641,225.046,217.649,242.52,205.592,184.474,,
Eritrea,0,0,0,0,0,0,0,0,0,0,0,0,0,0,0,0,0,0,0,,
Estonia,0,0,0,0,0,0,0,0,0,0,0,0,0,0,0,0,0,0,0,0,0
Eswatini,0,0,0,0,0,0,0,0,0,0,0,0,0,0,0,0,0,0,0,,
Ethiopia,0,0,0,0,0,0,0,0,0,0,0,0,0,0,0,0,0,0,0,,
Falkland Islands,0,0,0,0,0,0,0,0,0,0,0,0,0,0,0,0,0,0,0,,
Faroe Islands,0,0,0,0,0,0,0,0,0,0,0,0,0,0,0,0,0,0,0,,
Fiji,0,0,0,0,0,0,0,0,0,0,0,0,0,0,0,0,0,0,0,,
Finland,0,0,0,0,0,0,0,0,0,0,0,0,0,0,0,0,0,0,0,0,0
Former Czechoslovakia,--,--,--,--,--,--,--,--,--,--,--,--,--,--,--,--,--,--,--,,--
Former Serbia and Montenegro,0,0,0,0,0,0,--,--,--,--,--,--,--,--,--,--,--,--,--,,--
Former U.S.S.R.,--,--,--,--,--,--,--,--,--,--,--,--,--,--,--,--,--,--,--,,--
Former Yugoslavia,--,--,--,--,--,--,--,--,--,--,--,--,--,--,--,--,--,--,--,,--
France,0,0,0,0,0,0,0,0,0,0,0,9.308,3.685,1.373,0.404,0.808,0,1.353,0,0,0
French Guiana,0,0,0,0,0,0,0,0,0,0,0,0,0,0,0,0,0,0,0,,
French Polynesia,0,0,0,0,0,0,0,0,0,0,0,0,0,0,0,0,0,0,0,,
Gabon,263.9,248.939,239.801,244.964,246.145,251.984,226.266,228.375,214.973,212.59,237.614,226.972,224.507,213.108,216.721,216.601,193.784,183.743,178.396,,
"Gambia, The",0,0,0,0,0,0,0,0,0,0,0,0,0,0,0,0,0,0,0,,
Georgia,1.502,1.406,1.024,1.446,1.041,1.285,1.205,1.165,0.701,1.205,1.165,0.984,0.741,1.145,1.03,3.067,0.353,0.138,0.138,,
Germany,64.779,20.798,26.694,13.064,22.311,14.195,11.065,13.932,2.718,2.221,14.255,7.572,3.907,0.687,0.606,6.724,2.039,0,0,2.091,0
"Germany, East",--,--,--,--,--,--,--,--,--,--,--,--,--,--,--,--,--,--,--,,--
"Germany, West",--,--,--,--,--,--,--,--,--,--,--,--,--,--,--,--,--,--,--,,--
Ghana,0,0,0,0,0,0,0,0,0,0,0,77.634,83.925,98.765,107.572,104.037,85.03,162.803,176.833,,
Gibraltar,0,0,0,0,0,0,0,0,0,0,0,0,0,0,0,0,0,0,0,,
Greece,0,0,7.814,22.312,16.351,18.536,21.282,21.323,21.405,20.151,17.102,13.811,5.195,2.928,1.191,1.615,3.15,3.291,4.079,4.813,1.802
Greenland,0,0,0,0,0,0,0,0,0,0,0,0,0,0,0,0,0,0,0,,
Grenada,0,0,0,0,0,0,0,0,0,0,0,0,0,0,0,0,0,0,0,,
Guadeloupe,0,0,0,0,0,0,0,0,0,0,0,0,0,0,0,0,0,0,0,,
Guam,0,0,0,0,0.015,0.004,0.016,0.005,0.004,0.002,0.012,0.007,0.014,0.003,0,0,0,0,0,,
Guatemala,18.925,19.476,23.11,22.596,19.145,19.331,17.524,16.072,14.614,12.928,11.399,10.815,9.581,9.146,9.902,9.746,7.978,8.474,6.657,,
Guinea,0,0,0,0,0,0,0,0,0,0,0,0,0,0,0,0,0,0,0,,
Guinea-Bissau,0,0,0,0,0,0,0,0,0,0,0,0,0,0,0,0,0,0,0,,
Guyana,0,0,0,0,0,0,0,0,0,0,0,0,0,0,0,0,0,0,0,,
Haiti,0,0,0,0,0,0,0,0,0,0,0,0,0,0,0,0,0,0,0,,
Hawaiian Trade Zone,--,--,--,--,--,--,--,--,--,--,--,--,--,--,--,,--,--,--,,--
Honduras,0,0,0,0,0,0,0,0,0,0,0,0,0,0,0,0,0,0,0,,
Hong Kong,0,0,0,0,0,0,0,0,0,0,0,0,0,0,0,0,0,0,0,,
Hungary,0,0,0,0,2.739,6.946,16.376,12.034,9.565,0,0,0,0,1.232,0.202,1.938,1.514,3.251,7.956,2.529,3.545
Iceland,0,0,0,0,0,0,0,0,0,0,0,0,0,0,0,0,0,0,0,0,0
India,2.059,3.546,0.004,1.807,1.896,4.091,4.153,2.836,1.149,0.109,0.939,0.418,2.304,0.005,0.709,1.31,0,0,0,,
Indonesia,607.061,666.716,595.526,528.48,481.927,413.157,309.475,359.397,301.052,371.646,361.051,361.305,312.542,327.145,301.179,313.769,342.943,281.307,203.967,,
Iran,2389.61,2149.779,2106.361,2493.28,2577.479,2400.327,2512.404,2492.4,2412.007,2235.421,2269.04,2328.156,1455.292,1086.4,1084.3,1112.751,2312.779,2530.531,2230.938,,
Iraq,2051.783,1845.795,1515.694,907.311,1477.979,1420.313,1487.842,1636.822,1835.364,1901.97,1890.43,2163.258,2414.077,2363.305,2517.589,2990.37,3915.619,3914.067,3975.824,,
Ireland,0,0,1.757,1.716,0,0,0,0,0,0,1.858,0.787,0,0,0,0,0,5.9,0,0.84,3.965
Israel,0,0,0,0,0,0,0,0,0,0,0,0,0,0,0,0,0,0,0,0,0
Italy,0,0,0,13.629,16.507,19.803,18.552,28.969,23.943,12.444,8.51,14.323,18.44,12.147,11.885,14.316,12.6,14.074,10.136,0,3.545
Jamaica,0,0,0,0,0,0,0,0,0,0,0,0,0,0,0,0,0,0,0,,
Japan,0,0,0,0,0,0,0,0,0,0,0,0,0,0,0,0,0,0,0,0,0
Jordan,0,0,0,0,0,0,0,0,0,0,0,0,0,0,0,0,0,0,0,,
Kazakhstan,588.4,669.58,799,863.3,1003.9,1070.456,1145.026,1215.619,1211.845,1359.535,1382.853,1385.451,1362.912,1381.2,1367.822,1271.62,1354.709,1510.184,1531.601,,
Kenya,0,0,0,0,0,0,0,0,0,0,0,0,0,0,0,0,0,0,0,,
Kiribati,0,0,0,0,0,0,0,0,0,0,0,0,0,0,0,0,0,0,0,,
Kosovo,--,--,--,--,--,--,--,--,0,0,0,0,0,0,0,0,0,0,0,,
Kuwait,1230.7,1214.1,979.555,1242.9,1414.9,1650.8,1723.4,1612.88,1738.54,1348.25,1490.931,1816.11,2070,2058.46,1994.84,1963.81,1859.305,1733.813,1837.918,,
Kyrgyzstan,0,0,0,0,0,0,0,0.039,0.041,1.054,0.121,0.061,0.034,0.042,0.049,0.135,0.137,0.393,1.375,,
Laos,0,0,0,0,0,0,0,0,0,0,0,0,0,0,0,0,0,0,0,,
Latvia,0,0,0,0,0,0,0,0,0,0,0,0,0,0,0,0,0,0,0,0,0
Lebanon,0,0,0,0,0,0,0,0,0,0,0,0,0,0,0,0,0,0,0,,
Lesotho,0,0,0,0,0,0,0,0,0,0,0,0,0,0,0,0,0,0,0,,
Liberia,2.664,2.926,3.327,1.499,2.316,2.249,10.123,1.598,8.923,7.905,4.418,1.664,2.359,1.18,0,0,0,0,0,,
Libya,986.968,962.556,961.55,1083.527,1221.065,1321.3,1374.304,1441.679,1428.969,1290.062,1260.663,296.186,1195.56,629.68,357.577,270.191,392.469,841.083,1067.387,,
Lithuania,6.22,7.02,2.48,5.76,3.86,2.96,2.3,3.1,2.58,2.26,2.22,1.6,1.58,1.34,1.26,1.01,1.05,0.848,0.909,0.757,0.741
Luxembourg,0,0,0,0,0,0,0,0,0,0,0,0,0,0,0,0,0,0,0,0,0
Macau,0,0,0,0,0,0,0,0,0,0,0,0,0,0,0,0,0,0,0,,
Madagascar,0,0,0,0,0,0,0,0,0,0,0,0,0,0,0,0,0,0,0,,
Malawi,0,0,0,0,0,0,0,0,0,0,0,0,0,0,0,0,0,0,0,,
Malaysia,350.541,375.773,377.483,397.641,380.418,376.481,352.586,338.086,310.684,344.128,347.911,243.636,247.038,229.949,248.728,333.698,335.198,302.768,303.647,,
Maldives,0,0,0,0,0,0,0,0,0,0,0,0,0,0,0,0,0,0,0,,
Mali,0,0,0,0,0,0,0,0,0,0,0,0,0,0,0,0,0,0,0,,
Malta,0,0,0,0,0,0,0,0,0,0,0,0,0,0,0,0,0,0,0,,
Martinique,0,0,0,0,0,0,0,0,0,0,0,0,0,0,0,0,0,0,0,,
Mauritania,0,0,0,0,0,0,24.606,13.648,13.48,11.329,9.921,5.58,7.088,6.742,5.96,5.308,4.836,4.836,4.836,,
Mauritius,0,0,0,0,0,0,0,0,0,0,0,0,0,0,0,0,0,0,0,,
Mexico,1844.735,1872.586,1955.776,2114.12,2117.969,2021.419,2001.692,1808.194,1505.312,1311.739,1445.974,1420.714,1332.661,1270.305,1207.933,1210.134,1277.07,1264.147,1283.309,1150.781,1191.586
Micronesia,,,,,,,,,,,,,,,,,,NA,NA,,NA
Moldova,0,0,0,0,0.1,0,0,0,0,0,0,0,0,0,0,0,0,0,0,,
Mongolia,0.18,0.2,0.38,0.5,0.6,0.54,0.92,2.22,2.9,5.32,5.68,7,9.78,14.36,18.86,22.28,21.9,20.58,14.65,,
Montenegro,--,--,--,--,--,--,0,0,0,0,0,0,0,0,0,0,0,0,0,,
Montserrat,0,0,0,0,0,0,0,0,0,0,0,0,0,0,0,0,0,0,0,,
Morocco,0,0,0,0,0,0,0,0,0,0,0,0,0,0,0,0,0,0,0,,
Mozambique,0,0,0,0,0.26,0.42,0.5,0.5,0.56,0.54,0.6,0.62,0.7,0.98,1.18,0,0,0,0,,
Namibia,0,0,0.001,0,0.001,0.001,0.002,0.003,0.007,0.006,0.01,0.032,0.038,0.002,0.001,0,0,0,0,,
Nauru,0,0,0,0,0,0,0,0,0,0,0,0,0,0,0,0,0,0,0,,
Nepal,0,0,0,0,0,0,0,0,0,0,0,0,0,0,0,0,0,0,0,,
Netherlands,6.504,8.319,18.516,25.987,23.238,20.293,13.145,17.688,18.908,13.508,11.55,7.632,10.189,10.984,12.398,5.896,6.583,8.884,8.763,7.634,7.65
Netherlands Antilles,0,0,0,0,0,0,0,0,0,0,0,0,0,0,0,0,0,0,0,,
New Caledonia,0,0,0,0,0,0,0,0,0,0,0,0,0,0,0,0,0,0,0,,
New Zealand,24.506,25.603,22.07,18.132,14.539,12.559,13.629,32.468,51.207,45.936,47.289,41.11,35.501,29.561,33.902,34.75,30.348,27.037,21.605,21.602,17.924
Nicaragua,0,0,0,0,0,0,0,0,0,0,0,0,0,0,0,0,0,0,0,,
Niger,22.915,7.693,3.184,3.098,3.011,0.645,4.184,2.51,0.836,0,0,0,1.007,0,0,0,0,0,0,,
Nigeria,2086.055,2069.603,1797.339,2158.539,2368.81,2299.661,2211.852,2152.1,1961.286,2071.456,2321.521,2222.301,2287.508,2027.859,2120.096,2114.219,1847.376,1906.074,1889.062,,
Niue,0,0,0,0,0,0,0,0,0,0,0,0,0,0,0,0,0,0,0,,
North Korea,0,0,0,0,0,0,0,0,0,0,0,0,0,0,0,0,0,0,0,,
North Macedonia,0,0,0,0,0,0,0,0,0,0,0,0,0,0,0,0,0,0,0,,
Northern Mariana Islands,,,,,,,,,,,,,,,,,,NA,NA,,NA
Norway,2894.92,2978.651,2821.721,2681.004,2504.652,2257.865,2019.885,1989.113,1838.453,1775.746,1599.956,1454.717,1314.035,1225.681,1293.728,1311.315,1398.362,1354.384,1242.501,1253.6,1493.658
Oman,890.499,870.597,838.859,763.028,720.914,724.133,655.547,608.209,598.152,663.155,730.57,742.084,768.417,838.167,804.25,832.015,879.508,806.027,778.989,,
Pakistan,7.13,8.696,4.82,2.209,0.821,0,0,0,0,0,0,0,0,1.346,9.519,6.185,3.893,7.87,7.788,,
Palestinian Territories,0,0,0,0,0,0,0,0,0,0,0,0,0,0,0,0,0,0,0,,
Panama,0,0,0,0,0,0,0,0,0,0,0,0,0,0,0,0,0,0,0,,
Papua New Guinea,0,0,0,0,0,0,0,0,0,0,0,0,0,0,0,0,60.255,55.76,60.319,,
Paraguay,0,0,0,0,0,0,0,0,0,0,0,0,0,0,0,0,0,0,0,,
Peru,13.663,18.779,21.519,29.011,16.728,12.952,23.956,27.508,18.129,19.164,19.002,16.343,15.673,14.739,15.571,7.999,2.327,1.583,6.514,,
Philippines,0.488,0.848,9.187,13.428,12.176,15.406,14.154,15.891,16.739,20.192,18.799,18.758,15.124,13.872,17.668,15.588,14.57,13.013,12.414,,
Poland,2.598,8.884,10.035,3.251,2.779,4.361,5.694,5.815,4.974,4.563,4.26,5.896,4.249,8.137,8.481,5.129,4.523,4.442,5.977,4.938,3.965
Portugal,0,0,0,0,0,0,0,0,0,0,0,0,0,0,0,0,0,0,0,0,0
Puerto Rico,0,0,0,0,0,0,0,0,0,0,0,0,0,0,0,0,0,0,0,,
Qatar,605.519,608.893,562.184,582.92,692.515,685.371,679.065,669.574,734.223,635.59,624.084,627.483,625.735,610.441,613.104,545.708,1214.544,1163.804,1264.4,,
Reunion,0,0,0,0,0,0,0,0,0,0,0,0,0,0,,,0,0,0,,
Romania,0.385,0.398,0.642,0.886,1.254,1.622,1.521,0.974,1.203,1.021,0.978,0.937,0.974,1.203,1.021,0.978,1.881,2,1.439,,
Russia,2986.067,3276.258,3837.251,4565.688,5190.849,5094.81,5037.376,5178.935,4843.359,4997.259,4990.569,4942.769,4759.196,4700.276,4499.658,4937.314,5079.908,5040.462,5195.987,,
Rwanda,0,0,0,0,0,0,0,0,0,0,0,0,0,0,0,0,0,0,0,,
Saint Helena,0,0,0,0,0,0,0,0,0,0,0,0,0,0,0,0,0,0,0,,
Saint Kitts and Nevis,0,0,0,0,0,0,0,0,0,0,0,0,0,0,0,0,0,0,0,,
Saint Lucia,0,0,0,0,0,0,0,0,0,0,0,0,0,0,0,0,0,0,0,,
Saint Pierre and Miquelon,0,0,0,0,0,0,0,0,0,0,0,0,0,0,0,0,0,0,0,,
Saint Vincent/Grenadines,0,0,0,0,0,0,0,0,0,0,0,0,0,0,0,0,0,0,0,,
Samoa,0,0,0,0,0,0,0,0,0,0,0,0,0,0,0,0,0,0,0,,
Sao Tome and Principe,0,0,0,0,0,0,0,0,0,0,0,0,0,0,0,0,0,0,0,,
Saudi Arabia,6248.538,6036.997,5362.693,6449.33,6897.773,7298.067,7060.891,6908.886,7104.545,5976.539,5979.241,7076.527,7396.81,7553.337,7119.58,7241.955,7599.336,7120.41,7340.811,,
Senegal,2.024,1.521,2.059,3.54,2.793,4.805,2.245,3.58,2.778,1.977,0.991,0.005,0.019,1.21,0.42,0.367,0,0,0,,
Serbia,--,--,--,--,--,--,0,0,0,0,0,0,0,0,0,0,0.183,0.128,0.183,,
Seychelles,0,0,0,0,0,0,0,0,0,0,0,0,0,0,0,0,0,0,0,,
Sierra Leone,0,0,0,0,0,0,0,0,0,0,0,0,0,0,0,0,0,0,0,,
Singapore,0.502,0.121,2.377,1.199,0.02,3.343,3.846,1.893,6.786,11.679,9.464,6.425,7.371,8.351,11.538,14.881,14.68,15.4,12.97,,
Slovakia,0.302,0.343,0.283,0.343,2.175,0.666,0.565,0.444,0.946,0.303,0.262,0.303,0.242,0.202,0.182,0.202,0.182,1.131,0.101,0.056,0
Slovenia,0,0,0.02,0,0,0,0,0,0,0,0,0,0,0,0,0,0,0,0,0,0
Solomon Islands,0,0,0,0,0,0,0,0,0,0,0,0,0,0,0,0,0,0,0,,
Somalia,0,0,0,0,0,0,0,0,0,0,0,0,0,0,0,0,0,0,0,,
South Africa,8.057,5.382,2.129,0.68,0.996,0.217,9.76,6.121,2.602,5.359,3.334,6.041,3.8,0.505,3.293,5.531,9.021,9.046,9.046,,
South Korea,0,0,0,0,0,0,0,0,0,0,0,0,0,0,0,0,0,0,0,0,0
South Sudan,--,--,--,--,--,--,--,--,--,--,--,--,31,98.76,154.98,147.26,152,116.42,126.52,,
Spain,0,0,0,0,0,0,0,0,0,0,0,0,0,0,0,0,0,0,0,0,0
Sri Lanka,0,0,0,0,0,0,0,0,0,0,0,0,0,0,0,0,0,0,0,,
Sudan,132.44,153.94,178.92,206.22,234.86,235.72,251.4,374.04,367.82,370.7,362.3,362.9,45.18,53.142,55.059,38.687,6.841,6.3,12.86,,
Suriname,0,0,0,0,0,0,0,0,0,0,0,0,0,0,0,0,0,0,0,,
Sweden,0,0,0,0,0,0,0,0.666,0,0,0,0.666,0.584,0,0,0,0,14.571,0,5.081,1.001
Switzerland,0,0,0,0,0,0,0,0,0,0,0,0,0,0,0,0,0,0,0,0,0
Syria,332.133,393.872,488.037,358.347,227.971,204.818,162.103,153.388,156.814,144.029,163.429,107.078,3.308,2.285,1.261,0,0,0,0,,
Taiwan,0,0,0,0,0,0,0,0,0,0,0,0,0,0,0,0,0,0,0,,
Tajikistan,0.065,0.06,0.114,0.073,0.08,0.102,0.121,0.06,0.04,0.08,0.08,0,0,0.08,0.068,0.068,0,0,0,,
Tanzania,0,0,0,0,0,0,0,0,0,0,0,0,0,0,0,0,0,0,0,,
Thailand,30.161,36.69,48.9,60.809,56.617,65.769,66.673,49.964,47.825,42.976,29.541,32.533,41.096,27.292,11.124,2.302,30.879,32.687,28.621,,
The Bahamas,0.982,0.316,2.604,4.893,0.796,0,0,0,1.521,0,0.039,2.533,5.026,4.441,5.947,3.658,0,0,0,,
Timor-Leste,--,--,--,0,1.925,3.051,0.101,0.079,0.1,0.096,0.702,0.759,12.838,12.457,1.149,13.476,49.24,40.32,32.907,,
Togo,0,0,0,0,0,0,0,0,0,0,0,0,0,0,0,0,0,0,0,,
Tonga,0,0,0,0,0,0,0,0,0,0,0,0,0,0,0,0,0,0,0,,
Trinidad and Tobago,52.431,48.493,68.356,70.296,58.987,72.488,72.022,59.375,53.944,53.575,45.312,38.581,30.783,34.159,32.607,31.016,28.045,27.326,22.067,,
Tunisia,60.356,55.266,58.379,49.362,54.715,56.993,53.941,78.3,71.417,66.793,73.782,53.78,51.911,43.819,44.201,36.108,38.627,35.46,29.449,,
Turkiye,0,0,0,0,0,0,0,0,0,0,0,0,0,0,0,0,0,0,0,0,0
Turkmenistan,32.044,45.185,56.431,59.644,60.082,50.406,30.123,38.156,48.066,40.164,26.107,46.189,62.085,72.296,64.263,69.284,48.596,66.807,59.93,,
Turks and Caicos Islands,0,0,0,0,0,0,0,0,0,0,0,0,0,0,0,0,0,0,0,,
Tuvalu,,,,,,,,,,,,,,,,,,NA,NA,,NA
U.S. Pacific Islands,0,0,0,0,0,0,0,0,0,0,0,0,0,0,0,0,0,0,0,,
U.S. Territories,,,,,,,,,,,,,,,,,,,,,
U.S. Virgin Islands,0,0,0,0,0,0,0,0,0,0,0,0,0,0,0,0,0,0,0,,
Uganda,0,0,0,0,0,0,0,0,0,0,0,0,0,0,0,0,0,0,0,,
Ukraine,6.105,1.66,8.37,25.186,8.54,5.825,6.632,9.16,5.375,1.378,1.102,0.007,1.167,0.35,0.826,0.16,0.451,1.631,0.747,,
United Arab Emirates,1848.731,1791.808,1632.251,1893.554,2042.171,2161.933,2351.624,2358.178,2405.436,2050.954,2107.675,2487.168,2570.994,2654.238,2651.192,2593.12,2457.249,2427.648,2427.162,,
United Kingdom,1742.481,1633.656,1639.532,1389.659,1222.776,986.954,907.075,911.235,835.75,796.485,746.813,571.145,574.598,613.346,569.469,606.844,618.898,691.851,818.151,854.342,720.403
United States,50,20,9,12,27,32,25,27,29,44,42,47,67,134,351,465,591,1157.584,2048.055,2981.768,3175.309
Uruguay,0,0,0,0,0,0,0,0,0,0,0,0,0,0,0,0,0,0,0,,
Uzbekistan,0,0,0,0,0,0,0,0,0,0,0,0,0,0,0,0,0,0,0,,
Vanuatu,0,0,0,0,0,0,0,0,0,0,0,0,0,0,0,0,0,0,0,,
Venezuela,2003.5,1942.181,1792.554,1646.852,1836,2243.9,2021.473,1835.022,1840.637,1697.004,1729.786,1785.234,1740.875,1856.555,1728.84,1872.431,1644.857,1509.858,1002.677,,
Vietnam,308.891,336.015,338.907,349.691,390.553,360.817,330.191,302.478,275.422,268.559,162.103,165.477,189.418,172.064,186.885,185.198,132.505,132.053,66.88,,
Wake Island,0,0,0,0,0,0,0,0,0,0,0,0,0,0,0,0,0,0,0,,
Western Sahara,0,0,0,0,0,0,0,0,0,0,0,0,0,0,0,0,0,0,0,,
Yemen,353.042,335.051,337.943,323.845,294.121,284.745,243.999,224.097,195.687,184.776,176.181,136.338,117.781,99.608,84.091,36.143,0,0,0,,
Zambia,0,0,0,0,0,0,0,0,0,0,0,0,0,0,0,0,0,0,0,,
Zimbabwe,0,0,0,0,0,0,0,0,0,0,0,0,0,0,0,0,0,0,0,,